Newspaper,Heading,Category,Date,Time,URL
India Today," World Cup 2019: Shikhar Dhawan in high spirits at India training sessionShikhar Dhawan seems to be in a positive frame of mind despite having
suffered a thumb injury during India's World Cup 2019 match vs Australia.",news,2019-06-12,19:22:00,https://www.indiatoday.in/sports/cricket-world-cup-2019/story/world-cup-2019-shikhar-dhawan-india-training-session-video-new-zealand-nottingham-barat-1547408-2019-06-12
India Today," World Cup 2019: India will beat Pakistan again, says Kapil DevIndia and Pakistan will face each other in the most anticipated clash of
World Cup 2019 on June 16 in Manchester. Both teams have faced each other six
times in the World Cup and each time, Men in Blue have come out on top.",news,2019-06-12,19:22:00,https://www.indiatoday.in/sports/cricket-world-cup-2019/story/world-cup-2019-india-will-beat-pakistan-again-says-kapil-dev-1547410-2019-06-12
India Today," World Cup 2019: David Warner hits 3rd successive ODI hundred vs PakistanWorld Cup 2019: David Warner hit his 15th ODI hundred and his 2nd in World
Cups as Australia continued to dominate Pakistan in Taunton on Wednesday.",news,2019-06-12,19:22:00,https://www.indiatoday.in/sports/cricket-world-cup-2019/story/david-warner-hundred-world-cup-2019-australia-vs-pakistan-cricket-taunton-cwc-records-1547361-2019-06-12
India Today," Rain and New Zealand dominate World Cup 2019: Fans come up with hilarious memesThe 2019 edition of ICC Cricket World Cup has set a dubious record for the
most number of rained-out matches in a single edition of the quadrennial
tournament. More rain is predicted in the coming week in the UK with India's
match vs New Zealand on Thursday facing the risk of being interrupted by rain",news,2019-06-12,19:22:00,https://www.indiatoday.in/sports/cricket-world-cup-2019/story/icc-cricket-world-cup-2019-rain-uk-weather-prediction-memes-fans-reserve-day-india-new-zealand-1547338-2019-06-12
India Today," World Cup 2019: Shikhar Dhawan might take 10-12 days to recover, says Sanjay BangarWorld Cup 2019: Sanjay Bangar, India's assistant coach, said the team is
monitoring Shikhar Dhawan who had sustained a thumb injury during India's
36-run victory over Australia at The Oval on Sunday.",news,2019-06-12,19:22:00,https://www.indiatoday.in/sports/cricket-world-cup-2019/story/world-cup-2019-shikhar-dhawan-injury-update-india-assistant-coach-sanjay-bangar-1547306-2019-06-12
India Today," World Cup 2019: Sania Mirza blasts ‘cringeworthy’ TV ads ahead of India-Pakistan matchSania Mirza blasted ads on both sides of the border and said that there is no
need to create such hype around India vs Pakistan clash as it is just another
match of Cricket.",news,2019-06-12,19:22:00,https://www.indiatoday.in/sports/cricket-world-cup-2019/story/world-cup-2019-sania-mirza-slams-tv-ads-india-vs-pakistan-1547303-2019-06-12
India Today," Pakistan sport black armbands vs Australia in honour of late cricketer, umpirePakistan played were spotted wearing black armbands during their fourth ICC
Cricket World Cup 2019 match against Australia in Taunton. Captain Sarfaraz
Ahmed won the toss and decided to send Australia into bat.",news,2019-06-12,19:22:00,https://www.indiatoday.in/sports/cricket-world-cup-2019/story/pakistan-vs-australia-black-armbands-cricket-world-cup-2019-sarfaraz-ahmed-late-cricketer-umpire-taunton-1547272-2019-06-12
India Today," AUS vs PAK Live Score, ICC World Cup 2019: Pakistan lose Fakhar early in 308 chase",news,2019-06-12,19:22:00,https://www.indiatoday.in/sports/story/australia-vs-pakistan-live-score-icc-world-cup-2019-aus-vs-pak-1547230-2019-06-12
India Today," 14:10World Cup 2019: Rishabh Pant to join Indian team as cover for injured Shikhar DhawanRishabh Pant will be joining the Indian team as cover for the injured Shikhar
Dhawan in England as they prepare for their next match against New Zealand on
Thursday.
The Wicket-keeper-batsman will be reaching England on Wednesday after getting
clearance from the Board of Control for Cricket in India on Tuesday night.",news,2019-06-12,19:22:00,https://www.indiatoday.in/sports/video/icc-cricket-world-cup-rishabh-pant-cover-for-injured-shikhar-dhawan-india-vs-new-zealand-1547216-2019-06-12
India Today," Shikhar Dhawan tweets lines from Rahat Indori's poem after thumb injuryIndia will be missing the services of Shikhar Dhawan for at least 2 weeks
after he fractured his left thumb during the game against Australia on
Sunday.",news,2019-06-12,19:22:00,https://www.indiatoday.in/sports/cricket-world-cup-2019/story/world-cup-2019-shikhar-dhawan-tweet-rahat-indori-poem-1547213-2019-06-12
India Today," World Cup 2019: Bangladesh confident injured Shakib Al Hasan will play West Indies World Cup 2019: Shakib Al Hasan strained a muscle in his left thigh while
batting against England in Cardiff last week but the Bangladesh all-rounder
is said to recover before his side's next game against West Indies.",news,2019-06-12,19:22:00,https://www.indiatoday.in/sports/cricket-world-cup-2019/story/icc-cricket-world-cup-2019-bangladesh-all-rounder-shakib-al-hasan-injury-recovery-vs-west-indies-1547182-2019-06-12
India Today," Australia vs Pakistan, World Cup 2019 Match 17: Prediction and Probable Playing 11sAustralia (AUS) vs Pakistan (PAK) Prediction and Probable Playing 11s, World
Cup 2019: After losing to India in their previous game, Australia will look
to regain their winning momentum when they take on Pakistan at the County
Ground, Taunton, June 12.",news,2019-06-12,19:22:00,https://www.indiatoday.in/sports/cricket-world-cup-2019/story/icc-cricket-world-cup-2019-australia-vs-pakistan-prediction-and-probable-playing-11-pitch-report-1547168-2019-06-12
India Today," Amir opened up on spot-fixing after Afridi slapped him: RazzaqICC had banned all three players—Salman Butt for ten years, of which five
were suspended, Muhammad Asif for seven years, of which two were suspended,
and Muhammad Amir for five years, after spot-fixing charges were proved
during investigation.",cricket,2019-06-12,19:22:00,https://www.indiatoday.in/sports/cricket/story/pakistan-spot-fixing-muhammed-amir-confession-shahid-afridi-slap-abdul-razzaq-1547351-2019-06-12
India Today," Yuvraj Singh deserves a proper farewell: Kapil DevKapil Dev said that a player of Yuvraj's stature deserves farewell from the
ground. Yuvraj announced his retirement from international cricket on Monday.",cricket,2019-06-12,19:22:00,https://www.indiatoday.in/sports/cricket/story/yuvraj-singh-deserves-a-proper-farewell-kapil-dev-1547265-2019-06-12
India Today," Jemimah Rodrigues to play England's Kia Super LeagueIndia's young women's cricket star Jemimah Rodrigues will become the third
player from the country after Smriti Mandhana and Harmanpreet Kaur to feature
in the T20 competition in England. ",cricket,2019-06-12,19:22:00,https://www.indiatoday.in/sports/cricket/story/jemimah-rodrigues-women-s-t20-kia-super-league-england-yorkshire-diamonds-1546985-2019-06-11
India Today," Virat Kohli only Indian in Forbes 2019 list of world's highest-paid athletesVirat Kohli, who was ranked 83rd in Forbes 2018 list of highest-paid
athletes, has been placed at the 100th spot in the recently-updated list
which is headed by Barcelona superstar Lionel Messi.",cricket,2019-06-12,19:22:00,https://www.indiatoday.in/sports/cricket/story/virat-kohli-100-forbes-2019-list-worlds-highest-paid-athletes-lionel-messi-cristiano-ronaldo-neymar-federer-1546924-2019-06-11
India Today," 21:04Shikhar Dhawan injury big blow to India: Harbhajan SinghHarbhajan Singh spoke to India Today after Shikhar Dhawan was ruled out of
World Cup 2019 for 3 weeks with a fractured thumb. Harbhajan told that
Shikhar Dhawan's injury is a big blow to India in World Cup 2019.
""Well, it could be 3 weeks depending on how bad the injury is. They are
actually assuming. In the end, it will come down to how Shikhar Dhawan will
feel batting with the injured finger. Even if the injury heals, it will
depend on him to get fully fit."" added Harbhajan.",cricket,2019-06-12,19:22:00,https://www.indiatoday.in/sports/video/shikhar-dhawan-injury-big-blow-to-india-harbhajan-singh-1546715-2019-06-11
India Today," Yuvraj Singh to Shoaib Akhtar: It was terrifying to face youA day after announcing his retirement from international cricket, Yuvraj
Singh thanked long-time rival Shoaib Akhtar for his tribute on social media",cricket,2019-06-12,19:22:00,https://www.indiatoday.in/sports/cricket/story/yuvraj-singh-retirement-shoaib-akhtar-terrified-1546712-2019-06-11
India Today," Does Yuvraj Singh deserve a farewell match? Here is Sourav Ganguly's takeSourav Ganguly on Tuesday said he doesn't believe in farewell matches when
responding to a fan's question on whether Yuvraj Singh deserved a retirement
match. Yuvraj announced his retirement from international cricket on Monday.",cricket,2019-06-12,19:22:00,https://www.indiatoday.in/sports/cricket/story/yuvraj-singh-farewell-match-sourav-ganguly-international-retirement-icc-world-cup-facebook-1546705-2019-06-11
India Today," #YuviDeservesProperFarewell trending on Twitter after Yuvraj Singh retirementYuvraj Singh said he had turned down an offer to play a retirement match but
his fans want him to get a proper farewell a day after the legend announced
his retirement from international cricket and the Indian Premier League.",cricket,2019-06-12,19:22:00,https://www.indiatoday.in/sports/cricket/story/yuvraj-singh-retirement-twitter-trend-yuvi-farewell-rohit-sharma-1546653-2019-06-11
India Today, 07:32World Cup 2019: Big blow to Team India as Shikhar Dhawan is ruled out,cricket,2019-06-12,19:22:00,https://www.indiatoday.in/sports/video/world-cup-2019-big-blow-to-team-india-as-shikhar-dhawan-is-ruled-out-1546544-2019-06-11
India Today," Afridi, Akhtar pay tribute to retired Yuvraj: We spent great time togetherYuvraj Singh ended his international career with an outstanding ODI record of
8701 runs -- 22nd in the overall list, and seventh among Indians -- at an
average of 36.55 and 111 wickets.",cricket,2019-06-12,19:22:00,https://www.indiatoday.in/sports/cricket/story/yuvraj-singh-retires-shahid-afridi-pays-tribute-1546433-2019-06-11
India Today," Yuvraj Singh looking to 'play some fun cricket' after international retirementYuvraj Singh is seeking release from the BCCI to play in other, lower
profile, Twenty20 leagues around the world.",cricket,2019-06-12,19:22:00,https://www.indiatoday.in/sports/cricket/story/yuvraj-singh-reveals-plans-after-retirement-from-international-cricket-1546376-2019-06-11
India Today," On retirement day, Yuvraj Singh tips Rishabh Pant to better his exploitsYuvraj Singh, who announced his retirement from international cricket on
Monday, has said that young batsman Rishabh Pant has immense potential in
himself",cricket,2019-06-12,19:22:00,https://www.indiatoday.in/sports/cricket/story/yuvraj-singh-retirement-international-cricket-india-batsman-rishabh-pant-1546307-2019-06-11
India Today," Euro 2020 qualifiers: France bounce back, Belgium and Germany win bigTheir third victory in as many matches lifted Germany to nine points while
world champions France cruised to a 4-0 against Andorra and reclaimed first
place in Group H.",football,2019-06-12,19:22:00,https://www.indiatoday.in/sports/football/story/euro-2020-qualifiers-france-belgium-germany-match-results-1547106-2019-06-12
India Today," Filipe Luis to decide future after Copa AmericaFilipe Luis will decide his future between teams in Europe and Brazil, after
the Copa America. Luis' contract with Atletico Madrid expires on June 30 and
has been in touch with Barcelona and Flamengo, but he has not ruled out
remaining at Atletico Madrid.",football,2019-06-12,19:22:00,https://www.indiatoday.in/sports/football/story/atletico-madrid-defender-filipe-luis-future-copa-america-1547055-2019-06-12
India Today," Copa America: Neymar's absence could be blessing in disguise for hosts BrazilNeymar suffered the ankle injury during Brazil's 2-0 friendly win over Qatar
and he won't be able to recover in time for their Copa America campaign.",football,2019-06-12,19:22:00,https://www.indiatoday.in/sports/football/story/copa-america-neymar-s-absence-could-be-blessing-in-disguise-for-hosts-brazil-1546507-2019-06-11
India Today," Neymar wants controversial Santos-Barca transfer trial to be held in BarcelonaTrial for alleged fraud and corruption over, 2013 Santos-Barcelona transfer
deal be moved to the Spanish city, Neymar and his parents requested,
prosecutor opposed.",football,2019-06-12,19:22:00,https://www.indiatoday.in/sports/football/story/neymar-jr-santos-barcelona-fc-transfer-trial-1546358-2019-06-11
India Today," Portugal clinch UEFA Nations League title after 1-0 win over NetherlandsGoncalo Guedes scored the lone goal of the match in the 60th minute to fire
Portugal to a 1-0 win over Netherlands.",football,2019-06-12,19:22:00,https://www.indiatoday.in/sports/football/story/portugal-wins-uefa-nations-league-title-over-netherlands-by-1-0-1545719-2019-06-10
India Today," U-20 World Cup: Ecuador, S Korea book semi-final berth Ukraine will take on Italy in Gdynia, and Ecuador will face South Korea in
Lublin, in the semi-finals of Under-20 football World Cup on June 11.",football,2019-06-12,19:22:00,https://www.indiatoday.in/sports/football/story/u-20-world-cup-ecuador-s-korea-book-semi-final-berth-1545492-2019-06-09
India Today," Neymar does not need surgery on injured right ankle: PSGParis Saint-Germain has issued a statement saying their star footballer
Neymar, who has been ruled out of the upcoming Copa America tournament due to
an injury, would not be needing surgery on his ankle.",football,2019-06-12,19:22:00,https://www.indiatoday.in/sports/football/story/neymar-brazilian-star-right-ankle-injury-paris-saint-germain-1545451-2019-06-09
India Today," Eden Hazard is going to make the difference in Real Madrid, says Thibaut CourtoisEarlier this month Eden Hazard moved to Real Madrid, after having a glorious
career in Chelsea. Real Madrid goalkeeper Thibaut Courtois is very excited to
play with his new team-mate and believes that It would have been even better
if Hazard knew how to speak a little Spanish.",football,2019-06-12,19:22:00,https://www.indiatoday.in/sports/football/story/eden-hazard-is-going-to-make-the-difference-in-real-madrid-says-thibaut-courtois-1545364-2019-06-09
India Today," Gareth Southgate denies Chelsea rumours: I am committed to EnglandGareth Southgate has dismissed the fact that he will not be continuing his
position as team manager. Southgate has said that the next year summer
European Championships is crucial for England and that would be the main
focus.",football,2019-06-12,19:22:00,https://www.indiatoday.in/sports/football/story/england-football-team-manager-gareth-southgate-denies-chelsea-rumours-1545309-2019-06-09
India Today," Neymar, sponsors suspend some ad campaigns after rape allegation - statementThe rape allegations surrounding Brazilian star, Neymar has resulted in
speculations that some of his sponsors have agreed to suspend some
advertising campaigns. A brazilian model has accused Neymar of raping and
assaulting her in Paris last month.",football,2019-06-12,19:22:00,https://www.indiatoday.in/sports/football/story/neymar-rape-allegations-sponsors-suspend-nike-mastercard-1544703-2019-06-08
India Today," Eden Hazard signs 5-year contract deal Real Madrid worth 100 million eurosReal Madrid did not reveal the fee but Spanish media reports said it was the
same price Madrid paid for Gareth Bale when he joined from Tottenham Hotspur
in 2013.",football,2019-06-12,19:22:00,https://www.indiatoday.in/sports/football/story/eden-hazard-signs-5-year-contract-deal-real-madrid-worth-100-million-euros-1544705-2019-06-08
India Today," Australian women footballers to get same base pay as menFootball Federation Australia said the country's W-League players will have
their annual minimum remuneration hiked by 33 percent matching men's A-League",football,2019-06-12,19:22:00,https://www.indiatoday.in/sports/football/story/australia-women-football-women-sport-australia-s-w-league-australia-s-a-league-1544341-2019-06-07
India Today," Dominic Thiem extends olive branch to Serena Williams with mixed doubles offerDominic Thiem was left fuming after being asked to make way for Serena
Williams at a post-match news conference following her third-round defeat in
the first week of the French Open last month.",tennis,2019-06-12,19:22:00,https://www.indiatoday.in/sports/tennis/story/dominic-thiem-serena-williams-french-open-controversy-1547120-2019-06-12
India Today," Maria Sharapova to return to action at Mallorca OpenFormer world No.1 Maria Sharapova, who has not played since her withdrawal
from a second-round match at the WTA St Petersburg Ladies Trophy, will make a
return at Mallorca Open.",tennis,2019-06-12,19:22:00,https://www.indiatoday.in/sports/tennis/story/maria-sharapova-return-tennis-mallorca-open-wildcard-entry-1546085-2019-06-10
India Today,"  French Open 2019: Rafael Nadal beats Dominic Thiem to clinch 12th title at Roland GarrosRafael Nadal won 6-3, 5-7, 6-1, 6-1 against the fourth-seeded Austrian and is
now only two grand slam titles behind Roger Federer's record of 20.",tennis,2019-06-12,19:22:00,https://www.indiatoday.in/sports/tennis/story/-french-open-2019-rafael-nadal-beats-dominic-thiem-to-clinch-12th-title-at-roland-garros-1545610-2019-06-09
India Today, French Open 2019 Men's Singles Final Highlights: Rafael Nadal wins record-extending 12th title,tennis,2019-06-12,19:22:00,https://www.indiatoday.in/sports/story/french-open-final-2019-rafael-nadal-vs-dominic-thiem-live-updates-1545479-2019-06-09
India Today," Rafael Nadal vs Dominic Thiem Live Streaming: French Open 2019 Final BroadcastIt is a contest between Dominic Thiem, who is aiming to win his maiden major
crown and Rafael Nadal, who is a 17-time Grand Slam champion and is bidding
for a record-extending French Open title. It is a repeat of the 2018 final on
June 9 in Paris.",tennis,2019-06-12,19:22:00,https://www.indiatoday.in/sports/tennis/story/french-open-2019-rafael-nadal-vs-dominic-thiem-when-and-where-live-streaming-1545425-2019-06-09
India Today," Marketa Vondrousova will be new face of Czech tennis, says Hana MandlikovaAccording to Hana Mandlikova, a 1981 Roland Garros champion, Marketa
Vondrousova's pursuit to become the first Czech woman to win the French Open
fell short but the 19-year-old is destined to win a Grand Slam title.
Mandlikova was also 19 when she claimed the French Open.",tennis,2019-06-12,19:22:00,https://www.indiatoday.in/sports/tennis/story/marketa-vondrousova-hana-mandlikova-french-open-2019-1545253-2019-06-09
India Today," Ashleigh Barty: The cricket star who went on to become French Open 2019 championAshleigh Barty, who came in the French Open seeded eighth, became the first
Australian in 46 years to lift the women's trophy at Roland Garros.",tennis,2019-06-12,19:22:00,https://www.indiatoday.in/sports/tennis/story/ashleigh-barty-french-open-2019-champion-brisbane-heat-cricket-women-s-big-bash-league-1545235-2019-06-09
India Today," I played the perfect match: Ashleigh Barty after French Open 2019 triumphAfter ditching tennis for cricket for a year, Ashleigh Barty made a great
come back by smashing Marketa Vondrousova for six to lift the French Open
crown. This is Barty's first Grand Slam title and Australia's first French
women’s singles crown in more than four decades.",tennis,2019-06-12,19:22:00,https://www.indiatoday.in/sports/tennis/story/ashleigh-barty-marketa-vondrousova-french-open-2019-1545233-2019-06-09
India Today," French Open 2019: Ashleigh Barty clinches historic Roland Garros title in one-sided finalAshleigh Barty, who had played Women's Big Bash League before returning to
tennis in 2016, became the first Australian player in 46 years to win the
women's singles title at French Open. ",tennis,2019-06-12,19:22:00,https://www.indiatoday.in/sports/tennis/story/french-open-2019-women-s-singles-final-ashleigh-barty-1st-australian-1973-marketa-vondrousova-1545121-2019-06-08
India Today," French Open 2019: Dominic Thiem ends Novak Djokovic streak to reach finalFrench Open 2019: In a rain interrupted men's singles semi-final, Dominic
Thiem defeated Novak Djokovic in 5 sets to face Rafael Nadal in the final on
Sunday.",tennis,2019-06-12,19:22:00,https://www.indiatoday.in/sports/tennis/story/french-open-2019-dominic-thiem-beats-novak-djokovic-face-rafael-nadal-final-1545066-2019-06-08
India Today, French Open women's singles final Highlights: Ashleigh Barty wins maiden Grand Slam singles title,tennis,2019-06-12,19:22:00,https://www.indiatoday.in/sports/story/ashleigh-barty-vs-marketa-vondrousova-french-open-2019-women-s-singles-tennis-live-score-roland-garros-1545000-2019-06-08
India Today," French Open 2019: Djokovic, Thiem resume semifinal, women's final followsNovak Djokovic and Dominic Thiem have split the first two sets, then Thiem
went up by a break in the third, before play was halted Friday due to rain.
They're scheduled to resume in Court Philippe Chatrier on Saturday.",tennis,2019-06-12,19:22:00,https://www.indiatoday.in/sports/tennis/story/french-open-2019-novak-djokovic-dominic-thiem-match-suspended-women-s-final-1544915-2019-06-08
India Today," PV Sindhu, Sameer Verma lose in dismal day for India at Australian OpenPV Sindhu's struggles on the tour this season continues as she was knocked
out in the second round of Australian Open 2019 after a straight-game loss to
lower-ranked Nitchaon Jindapol on Thursday.",badminton,2019-06-12,19:22:00,https://www.indiatoday.in/sports/badminton/story/australian-open-pv-sindhu-2nd-round-defeat-sameer-verma-india-badminton-1543884-2019-06-06
India Today," Sindhu, Sameer make impressive starts at Australian OpenP V Sindhu and Sameer Verma progressing to the second round of the Australian
Open World Tour Super 300 tournament. The Indian will meet experienced Thai
Nitchaon Jindapol next.",badminton,2019-06-12,19:22:00,https://www.indiatoday.in/sports/badminton/story/p-v-sindhu-sameer-verma-australian-open-1543149-2019-06-05
India Today," Sudirman Cup: Kento Momota stunned as China cruise to 11th titleWorld No. 1 men's singles shuttler Kento Momota suffered his first defeat in
a team event at the senior level as Shi Yuqi led China to their
record-extending 11th Sudirman Cup title on Sunday.",badminton,2019-06-12,19:22:00,https://www.indiatoday.in/sports/badminton/story/sudirman-cup-2019-china-vs-japan-shi-yuqi-chen-yufei-kento-momota-badminton-report-1535063-2019-05-26
India Today," Himanta Biswa Sarma elected as vice president of Badminton Asia CouncilAssam's health and education minister Himanta Biswa Sarma was last year
unanimously elected the Badminton Association of India president.",badminton,2019-06-12,19:22:00,https://www.indiatoday.in/sports/badminton/story/himanta-biswa-sarma-badminton-asia-council-vice-president-election-1534960-2019-05-26
India Today," China thrash Thailand 3-0, reach Sudirman Cup finalTen-time winners China beat Thailand 3-0 to qualify for their 13th straight
Sudirman Cup final. China will play the final against the winner between
Japan and Indonesia.",badminton,2019-06-12,19:22:00,https://www.indiatoday.in/sports/badminton/story/sudirman-cup-li-junhui-liu-yuchen-1534566-2019-05-25
India Today," Pullela Gopichand blames hectic calendar for shuttlers' poor run in 2019The slump in form for the major badminton stars of India comes at a rather
awkward time with the 2020 Tokyo Olympics around the corner.",badminton,2019-06-12,19:22:00,https://www.indiatoday.in/sports/badminton/story/pullela-gopichand-gopichand-blames-calendar-shuttlers-poor-form-tokyo-olympics-1533753-2019-05-24
India Today," Sudirman Cup: Japan beat Malaysia to advance to last 4Japan put an all-round performance to defeat defeated Malaysia 3-0 to qualify
for the first semi-finals of the ongoing Sudirman Cup in China",badminton,2019-06-12,19:22:00,https://www.indiatoday.in/sports/badminton/story/ong-yew-sin-teo-ee-yi-sudirman-cup-1533648-2019-05-24
India Today," Sudirman Cup: Denmark beat Indonesia, both advance to last 8 Sudirman Cup: Denmark defeated Indonesia 3-2 in the pre-quarters, however,
the latter remained the group topper despite the loss as both the teams
advanced to the last 8 of the tournament.",badminton,2019-06-12,19:22:00,https://www.indiatoday.in/sports/badminton/story/sudirman-cup-denmark-beat-indonesia-enter-quarters-1532469-2019-05-23
India Today," India knocked out of Sudirman Cup after 0-5 loss to ChinaAfter going down 2-3 to Malaysia in their opening Group 1D match, India
needed an extraordinary effort to get across the mighty Chinese but the
shuttlers yet again produced a below-par performance to go down in a
lop-sided contest",badminton,2019-06-12,19:22:00,https://www.indiatoday.in/sports/badminton/story/sudirman-cup-badminton-india-lose-china-kidambi-srikanth-pv-sindhu-1531729-2019-05-22
India Today," Sudirman Cup: PV Sindhu's heroics in vain as Malaysia beat India 3-2 India's decision to field world no. 13 Sameer Verma instead of Kidambi
Srikanth in men's singles backfired as a young Malaysian contingent consigned
them to a 3-2 defeat despite PV Sindhu winning her own match",badminton,2019-06-12,19:22:00,https://www.indiatoday.in/sports/badminton/story/sudhirman-cup-malaysia-beat-india-pv-sidhu-sameer-verma-1530994-2019-05-21
India Today," Sudirman Cup: India shuttlers take on Malaysia, eye knockout stageSudirman Cup: India have reached the quarterfinals twice in the 2011 and 2017
editions but haven't crossed the last eight stage.",badminton,2019-06-12,19:22:00,https://www.indiatoday.in/sports/badminton/story/sudirman-cup-india-vs-malaysia-lee-chong-wei-pv-sindhu-saina-nehwal-1530247-2019-05-20
India Today," Sudirman Cup: Japan comeback from behind to defeat Russia 3-2 After going down 2-1 to Russia, Japan's women players came to rescue to win
both their singles and doubles matches to guide their team to a 3-2 win.",badminton,2019-06-12,19:22:00,https://www.indiatoday.in/sports/badminton/story/sudirman-cup-japan-beat-russia-nozomi-okuhara-1529662-2019-05-20
India Today," Dutee Chand warns followers against fake Twitter accounts using her nameDutee Chand's troubles don't seem to end as while battling her family and the
society at large due to her sexual orientation, she is now having to fight
out fake Twitter accounts in her own name",athletics,2019-06-12,19:22:00,https://www.indiatoday.in/sports/athletics/story/dutee-chand-twitter-account-india-atheltics-1535763-2019-05-27
India Today," Another athlete slams testosterone rules, refuses medicationOlympic medalist Margaret Wambui criticized the IAAF's testosterone
regulations and said she won't take ""any type of medication"" to lower her
natural testosterone.",athletics,2019-06-12,19:22:00,https://www.indiatoday.in/sports/athletics/story/caster-semenya-iaaf-margaret-wambui-iaaf-testosterone-regulations-1531912-2019-05-22
India Today," I'm so proud of Dutee Chand: Ellen DeGeneres on Indian sprinter's coming outPopular host Ellen DeGeneres rejoiced and was proud of the fact that Dutee
Chand became the 1st sportperson in India to openly admit that she's gay. The
100m record holder and winner of two Asian Games silver medals had recently
opened up to the media about her homosexuality.",athletics,2019-06-12,19:22:00,https://www.indiatoday.in/sports/athletics/story/tv-host-ellen-degeneres-proud-dutee-chand-opened-up-homosexuality-1531568-2019-05-22
India Today," Asian Championships winner Gomathi fails dope test, faces provisional suspensionAsian Championships 800 metres gold medallist Gomathi Marimuthu was tested
positive for a banned substance. Gomathi will face a 4-year suspension if her
B sample also tests positive.",athletics,2019-06-12,19:22:00,https://www.indiatoday.in/sports/athletics/story/asian-championships-winner-gomathi-marimuthu-fails-dope-test-1531329-2019-05-21
India Today," Sister's blackmail, torture forced me to reveal my same-sex relationship: Dutee ChandIndia's fastest woman Dutee Chand has said that she revealed about her
same-sex relationship after being tortured by her eldest sister.",athletics,2019-06-12,19:22:00,https://www.indiatoday.in/sports/athletics/story/dutee-chand-same-sex-relationship-blackmail-1531211-2019-05-21
India Today," Dutee Chand faces family's wrath after revealing same-sex relationshipDutee Chand said that her eldest sister threatened to not only expel her from
the family but also send her to jail.",athletics,2019-06-12,19:22:00,https://www.indiatoday.in/sports/athletics/story/dutee-chand-same-sex-relationship-expulsion-from-family-india-s-fastest-woman-1528795-2019-05-19
India Today," Ace sprinter Dutee Chand reveals she is in same-sex relationship with 'soulmate'Dutee Chand revealed in an interview that she is in a same-sex relationship
with a girl from her hometown.",athletics,2019-06-12,19:22:00,https://www.indiatoday.in/sports/athletics/story/dutee-chand-same-sex-relationship-soulmate-1528532-2019-05-19
India Today," Neeraj Chopra recovering without complications: AFI presidentNeeraj Chopra may miss the Doha World Championships as his recovery is likely
to take at least three months after he had arthroscopic surgery on his
throwing right hand to remove bone fragments from his elbow joint.",athletics,2019-06-12,19:22:00,https://www.indiatoday.in/sports/athletics/story/neeraj-chopra-afi-surgery-recovery-doha-world-championships-1526833-2019-05-16
India Today," South African government to appeal against Caster Semenya rulingMiddle-distance runner Caster Semenya had lost a crucial case after the Court
of Arbitration for Sport ruled that female track athletes with naturally high
levels of testosterone have to regulate their hormone levels to participate
in major events, including the Olympics.",athletics,2019-06-12,19:22:00,https://www.indiatoday.in/sports/athletics/story/caster-semenya-case-south-africa-to-appeal-1523911-2019-05-13
India Today," Russian athlete Savina gets 12-year banA ban as long as 12 years is uncommon but Russian athelete Kseniya Savina
attempted to shift blame and avoid sanctions by providing false medical
documents added another anti-doping rule violation in her case.",athletics,2019-06-12,19:22:00,https://www.indiatoday.in/sports/athletics/story/russian-athlete-kseniya-savina-doping-ban-1520369-2019-05-08
India Today," I can qualify for 2020 Tokyo Olympics: Jinson JohnsonJinson Johnson feels he can qualify for the 1500 metres event at the 2020
Tokyo Olympics, despite his recent injury concerns.",athletics,2019-06-12,19:22:00,https://www.indiatoday.in/sports/athletics/story/jinson-johnson-qualify-2020-tokyo-olympics-1519648-2019-05-07
India Today," Hell no: Defiant Caster Semenya wins, says she won't take drugsCaster Semenya won the 800 meters at the opening Diamond League meeting of
the season in Doha and it was her first win since losing her case against the
IAAF.",athletics,2019-06-12,19:22:00,https://www.indiatoday.in/sports/athletics/story/caster-semenya-800m-diamond-league-iaff-drug-testosterone-cas-1517010-2019-05-04
India Today," FIH Series 2019: Poland & Russia arrive in Bhubaneshwar India will open their campaign against Russia on June 6 and meet Poland on
June 7 and Uzbekistan on June 10 in their remaining pool matches. The final
of the tournament will be played on June 15.",hockey,2019-06-12,19:22:00,https://www.indiatoday.in/sports/hockey/story/fih-series-2019-poland-russia-arrive-in-bhubaneshwar-1539457-2019-05-31
India Today," Indian women's hockey team end series with 0-4 loss to South Korea After two back-to-back wins, Indian women's hockey team lost 0-4 to South
Korea in the third and final game of the series.",hockey,2019-06-12,19:22:00,https://www.indiatoday.in/sports/hockey/story/hockey-series-india-lose-south-africa-0-4-1533752-2019-05-24
India Today," India take unassailable 2-0 lead over Korea, clinch women's hockey seriesHigh on confidence after their impressive outings in Spain and Malaysia
earlier this year, India had won the opening game with identical margin.",hockey,2019-06-12,19:22:00,https://www.indiatoday.in/sports/hockey/story/india-take-unassailable-2-0-lead-over-korea-clinch-women-s-hockey-series-1531970-2019-05-22
India Today," Indian women's hockey team beat South Korea 2-1 in tour openerHigh on confidence after their impressive outings in Spain and Malaysia
earlier this year, India made a strong start against hosts South Korea",hockey,2019-06-12,19:22:00,https://www.indiatoday.in/sports/hockey/story/india-women-hockey-team-south-korea-tour-1529577-2019-05-20
India Today," Hockey: Need to score consistently under tight marking, says Graham ReidIndia lost both the matches against Australia on their tour Down Under after
performing well against Australia A and WA Thundersticks. ",hockey,2019-06-12,19:22:00,https://www.indiatoday.in/sports/hockey/story/india-hockey-team-australia-tour-coach-graham-reid-comments-1528817-2019-05-19
India Today," Rani Rampal sees Korea series as platform to prepare for FIH Women's series FinalsIndia women's hockey team captain Rani Rampal is looking forward to doing
well in the three-match series against Korea in the run-up to the FIH Women's
series Finals.",hockey,2019-06-12,19:22:00,https://www.indiatoday.in/sports/hockey/story/rani-rampal-india-women-s-hockey-team-vs-korea-fih-women-s-series-finals-1528185-2019-05-18
India Today," India end Australia tour with loss in the final matchIndia lost the fifth and final match by 5-2 against Australia to end their
tour on a sour note. Nilakanta Sharma and Rupinderpal Singh scored the two
goals for India.",hockey,2019-06-12,19:22:00,https://www.indiatoday.in/sports/hockey/story/india-loss-5-2-tour-of-australia-fifth-match-1527824-2019-05-17
India Today," India succumb to 0-4 loss against Australia in first hockey testAustralia rode on two goals each from Jeremy Hayward and Blake Govers to
outclass India in the first match of the two-test series at the Perth Hockey
Stadium on Wednesday.",hockey,2019-06-12,19:22:00,https://www.indiatoday.in/sports/hockey/story/australia-vs-india-1st-hockey-test-report-jeremy-hayward-blake-glovers-1525797-2019-05-15
India Today," Indian men's hockey team draws 1-1 with Australia AHarmanpreet Singh helped the Indian men's hockey team salvage a 1-1 draw
against Australia 'A' on Monday.",hockey,2019-06-12,19:22:00,https://www.indiatoday.in/sports/hockey/story/indian-men-hockey-team-draw-australia-a-1523786-2019-05-13
India Today," Indian men's hockey team wins 3-0 against Australia AThe Indian men's Hockey team registered a comfortable 3-0 victory against
Australia A on Friday. India will play their next match on May 13.",hockey,2019-06-12,19:22:00,https://www.indiatoday.in/sports/hockey/story/indian-men-hockey-team-wins-against-australia-a-1521718-2019-05-10
India Today," Playing Australia will boost our confidence, says India hockey captain Manpreet SinghThe India team travel Down Under for five matches starting Wednesday. The
tour, marked as a preparation for next month's Hockey Series Final will be
newly-appointed chief coach Graham Reid's maiden assignment with the team.",hockey,2019-06-12,19:22:00,https://www.indiatoday.in/sports/hockey/story/playing-australia-will-boost-confidence-manpreet-singh-1518366-2019-05-06
India Today," Manpreet Singh to lead India in tour of AustraliaManpreet Singh will lead a balanced 18-man squad in the four-match tour
against Australia which starts May 10. India men's hockey team head coach
Graham Reid also spoke of the importance of the tour ahead of the FIH Men's
Hockey Series Final.",hockey,2019-06-12,19:22:00,https://www.indiatoday.in/sports/hockey/story/manpreet-singh-india-men-s-hokey-team-tour-australia-graham-reid-1514449-2019-05-01
India Today," Want to retire after Tokyo Olympics, says Mary KomSix-time World Champion, Mary Kom said she wants to retire from the game
after winning a gold medal for the country at the 2020 Tokyo Olympics.",other sports,2019-06-12,19:22:00,https://www.indiatoday.in/sports/other-sports/story/mary-kom-6-time-world-champion-retirement-2020-olympics-1543995-2019-06-06
India Today," Vijender Singh is scared of me: British boxer Amir KhanAmir Khan, a celebrated boxer, bragged saying Vijender Singh is ""scared"" of
me. Khan, the British boxer, has expressed a desire to wrangle with Olympic
bronze medalist Vijender a number of times but the same has not been
materialized yet.",other sports,2019-06-12,19:22:00,https://www.indiatoday.in/sports/other-sports/story/super-boxing-league-vijender-singh-amir-khan-1539431-2019-05-31
India Today," India sweep mixed team titles to conclude best ever ISSF WC performanceIndia produced their best performance with a total of 5 gold and a silver
medal, to top the medals tally at the ISSF World Cup in Munich.",other sports,2019-06-12,19:22:00,https://www.indiatoday.in/sports/other-sports/story/issf-shooting-world-cup-munich-india-win-5-gold-best-performance-1538830-2019-05-30
India Today," Munich World Cup: Manu Bhaker secures Olympic quota in shootingIndian shooters are competing for 12 of the 17 Tokyo Olympic quotas available
in Munich, having already secured seven quota places in rifle and pistol
competitions.",other sports,2019-06-12,19:22:00,https://www.indiatoday.in/sports/other-sports/story/munich-world-cup-manu-bhaker-secures-olympic-quota-in-shooting-1537774-2019-05-29
India Today," ISSF Shooting World Cup: Saurabh Chaudhary smashes world record to put India on topA world-record shattering performance from young shooter Saurabh Chaudhary
combined with Rahi Sarnobat's gold medal put India on top of the medals tally
of the ISSF World Cup in Munich",other sports,2019-06-12,19:22:00,https://www.indiatoday.in/sports/other-sports/story/issf-shooting-world-cup-munich-2019-rahi-sarnobat-saurabh-chaudhary-gold-1536094-2019-05-27
India Today," ISSF Shooting World Cup: Apurvi Chandela bags 10m air rifle gold in MunichApurvi Chandela had also won silver in the 10m air rifle during the 2015
Munich competition. Chandela had won quotas for the 2020 Olympics after
finishing fourth at the world championships.",other sports,2019-06-12,19:22:00,https://www.indiatoday.in/sports/other-sports/story/shooting-world-cup-apurvi-chandela-wins-gold-2020-olympics-10-m-air-rifle-1535208-2019-05-26
India Today," Nike to waive performance targets for pregnant athletesSportswear giant Nike will be waiving performance-pay reductions for 12
months for athletes who are pregnant or already have a baby after 2 athletes
confirmed that Nike had frozen their sponsorship payments while they were
pregnant.",other sports,2019-06-12,19:22:00,https://www.indiatoday.in/sports/other-sports/story/nike-waive-performance-based-targets-12-months-1534617-2019-05-25
India Today," Boxing league likely to happen in August or September: BFI president Ajay SinghBoxing league is likely to happen this year in August or September as 'decent
amount of work is happening', Ajay Singh, President of Boxing Federation of
India, said. It is trying to find a slot to see that the league does not
clash with any other major leagues.",other sports,2019-06-12,19:22:00,https://www.indiatoday.in/sports/other-sports/story/ajay-singh-boxing-federation-of-india-1534315-2019-05-25
India Today," India Open Boxing: Mary, Sarita lead hosts' gold rush on final dayOlympic bronze medallist Mary Kom saw off a valiant fight by former national
champion Vanlal Duati of Mizoram to emerge winner by unanimous decision",other sports,2019-06-12,19:22:00,https://www.indiatoday.in/sports/other-sports/story/india-open-boxing-2019-results-mary-kom-sarita-devi-amit-panghal-gold-medals-1534099-2019-05-24
India Today," Indian Open Boxing: Mary Kom feels disrespected with opponent Nikhat Zareen's challenge Boxing legend Mary Kom was furious with Nikhat Zareen's comments on
challenging her and asked her to prove herself in the ring first rather than
making such 'irritating' comments.",other sports,2019-06-12,19:22:00,https://www.indiatoday.in/sports/other-sports/story/mary-kom-furious-nikhat-zareen-irritating-comments-1533424-2019-05-24
India Today," Dipa Karmakar will return to gymnastics only when fully fit: CoachWith Dipa Karmakar's participation uncertain at the 2020 Tokyo Olympics,
coach Bisweswar Nandi said the gymnast was doing everything possible to
return as soon as possible after a knee injury.",other sports,2019-06-12,19:22:00,https://www.indiatoday.in/sports/other-sports/story/dipa-karmakar-knee-injury-2020-tokyo-olympics-participation-1532858-2019-05-23
India Today," IOC recommends boxing to remain Olympic sport at TokyoInternational Olympic Committee’s (IOC) recommended boxing keeps its place
at next year’s Olympic Games but AIBA, the governing body of the sport’s
amateur version, should be suspended.",other sports,2019-06-12,19:22:00,https://www.indiatoday.in/sports/other-sports/story/ioc-boxing-remains-olympic-sport-tokyo-aiba-1532561-2019-05-23
