Source,Heading,Category,Date,Time,URL
CNN,Army vet dies in police custody. His body was returned to his family with some organs missing,us,2019-06-11,01:10,https://edition.cnn.com/2019/06/07/us/army-vet-dies-in-custody-organs-missing/index.html
CNN,Police look for mother after newborn found in woods,us,2019-06-11,01:10,https://edition.cnn.com/2019/06/08/us/georgia-baby-india-found-plastic-bag-trnd/index.html
CNN,Man in custody in connection with suspected serial killings,us,2019-06-11,01:10,https://edition.cnn.com/2019/06/08/us/detroit-serial-killer-saturday/index.html
CNN,Plane crash kills both people onboard. Dog survives,us,2019-06-11,01:10,https://edition.cnn.com/2019/06/09/us/new-york-plane-crash-dog-survives/index.html
CNN,Michigan hotel offers free stay to anyone traveling for an abortion,us,2019-06-11,01:10,https://edition.cnn.com/2019/06/08/us/yale-hotel-abortion-free-rooms-trnd/index.html
CNN,"Helicopter crash-lands on top of building in Manhattan, killing pilot",us,2019-06-11,01:10,https://edition.cnn.com/2019/06/10/us/helicopter-building-new-york/index.html
CNN,Helicopter crashes into New York City building,us,2019-06-11,01:10,https://edition.cnn.com/us/live-news/manhattan-helicopter-crash-june-2019/index.html
CNN,Witness: You could feel the building shake,us,2019-06-11,01:10,https://edition.cnn.com/videos/us/2019/06/10/witness-manhattan-helicopter-crash-sot-vpx.cnn
CNN,FDNY: Helicopter crashes into building in Manhattan,us,2019-06-11,01:10,https://edition.cnn.com/videos/us/2019/06/10/helicopter-crash-building-new-york-vpx.cnn
CNN,Gov. Cuomo responds to helicopter crash in NYC building,us,2019-06-11,01:10,https://edition.cnn.com/videos/us/2019/06/10/nyc-helicopter-crash-manhattan-andrew-cuomo-reaction-bts-nr-vpx.wcbs
CNN,A weatherman criticized his TV station on air,us,2019-06-11,01:10,https://edition.cnn.com/videos/us/2019/06/10/weatherman-code-red-orig-bu.cnn
CNN,A 4.0-magnitude earthquake was reported 20 miles outside Cleveland,us,2019-06-11,01:10,https://edition.cnn.com/2019/06/10/us/earthquake-cleveland-wxc/index.html
CNN,Cranes are supposed to withstand 140 mph winds. So what caused the deadly Dallas crane collapse?,us,2019-06-11,01:10,https://edition.cnn.com/2019/06/10/us/dallas-crane-collapse/index.html
CNN,Here's why California can't just close the Santa Anita race track,us,2019-06-11,01:10,https://edition.cnn.com/2019/06/10/us/santa-anita-horse-deaths-why-trnd/index.html
CNN,Crane collapses onto apartment complex,us,2019-06-11,01:10,https://edition.cnn.com/videos/us/2019/06/09/crane-collapse-apartment-complex-dallas-orig-mss.cnn
CNN,Democrats woo Iowa party activists at feisty festival as race kicks off,us,2019-06-11,01:10,https://edition.cnn.com/2019/06/10/politics/democratic-party-iowa-hall-of-fame-dinner/index.html
CNN,"CNN Iowa poll: Warren, Buttigieg show strength and five more key takeaways",us,2019-06-11,01:10,https://edition.cnn.com/2019/06/10/politics/iowa-poll-takeaways/index.html
CNN,Ex-WH counsel plans to tell Congress he sees similarities between Nixon and Trump,us,2019-06-11,01:10,https://edition.cnn.com/2019/06/10/politics/john-dean-congressional-testimony-nixon-trump-cnntv/index.html
CNN,Supreme Court to meet behind closed doors on Thursday to discuss DACA,us,2019-06-11,01:10,https://edition.cnn.com/2019/06/10/politics/supreme-court-to-meet-daca/index.html
CNN,People are sick of drinking. Investors are betting on the 'sober curious',us,2019-06-11,01:10,https://edition.cnn.com/2019/06/08/tech/alcohol-alternative-sober-curious/index.html
CNN,American Airlines extends flight cancellations because of Boeing grounding,us,2019-06-11,01:10,https://edition.cnn.com/2019/06/10/business/american-airlines-cancellations-boeing-737-max/index.html
CNN,KDKAVenomous animals usually in the open sea spotted in the East Coast,us,2019-06-11,01:10,https://edition.cnn.comhttps://pittsburgh.cbslocal.com/2019/06/09/man-of-war-south-carolina/
CNN,WAPTMan gets 25 years in prison for robbing gas station,us,2019-06-11,01:10,https://edition.cnn.comhttps://www.wapt.com/article/man-sentenced-to-25-years-in-prison-for-robbing-rankin-county-gas-station/27814969
CNN,WCVBHiker rescues dog trapped inside cave for 3 weeks,us,2019-06-11,01:10,https://edition.cnn.comhttps://www.wcvb.com/article/happiest-animal-ive-ever-seen-hiker-rescues-dog-trapped-inside-remote-cave-for-3-weeks/27780319
CNN,WSOCWoman dies after accidentally shooting herself ,us,2019-06-11,01:10,https://edition.cnn.comhttps://www.wsoctv.com/news/local/police-woman-shoots-herself-accidentally-at-ruby-tuesday-s/956563315
CNN,"WTVRThief grabs $7,000 in loot from car in neighborhood",us,2019-06-11,01:10,https://edition.cnn.comhttps://wtvr.com/2019/06/08/7000-stolen-from-unlocked-car-westover-hills/
CNN,WCBSPolice: Teen found unconscious at bottom of lagoon,us,2019-06-11,01:10,https://edition.cnn.comhttps://newyork.cbslocal.com/2019/06/09/brick-township-teen-found-unconscious-lagoon/
CNN,WMUROfficials warn water bodies remain dangerously cold,us,2019-06-11,01:10,https://edition.cnn.comhttps://www.wmur.com/article/despite-warmer-weather-officials-warn-that-states-water-bodies-remain-dangerously-cold/27848633
CNN,WRGTFormer church intern arrested for rape of student,us,2019-06-11,01:10,https://edition.cnn.comhttps://www.newschannel5.com/news/church-intern-in-hendersonville-arrested-for-statutory-rape-of-student
CNN,WPIXLyft driver with 17 license suspensions arrested,us,2019-06-11,01:10,https://edition.cnn.comhttps://pix11.com/2019/06/09/lyft-driver-arrested-on-long-island-for-driving-with-17-license-suspensions-police/
CNN,"WFORVehicle slammed into tree, 3 children extracted",us,2019-06-11,01:10,https://edition.cnn.comhttps://miami.cbslocal.com/2019/06/09/3-children-1-adult-extracted-vehicle-opa-locka-tree/
CNN,"WGNCop charged with DUI after he crashes into restaurant, killing 1",us,2019-06-11,01:10,https://edition.cnn.comhttps://wgntv.com/2019/06/09/woman-dead-2-others-injured-after-off-duty-cop-crashes-into-gresham-restaurant/
CNN,WLWTStrangers return injured tornado victim's quilt,us,2019-06-11,01:10,https://edition.cnn.comhttps://www.wlwt.com/article/strangers-make-surprise-hospital-visit-after-finding-injured-tornado-victims-sentimental-quilt/27821536
CNN,KFORThousands without power following strong storms,us,2019-06-11,01:10,https://edition.cnn.comhttps://kfor.com/2019/06/09/thousands-without-power-following-strong-storms/
CNN,WLKYWoman says her therapy pigs were beaten to death,us,2019-06-11,01:10,https://edition.cnn.comhttps://www.wlky.com/article/bullitt-county-woman-says-her-2-therapy-pigs-were-beaten-to-death/27820710
CNN,WJRTMan critically hurt while working on carnival ride,us,2019-06-11,01:10,https://edition.cnn.comhttps://www.abc12.com/content/news/Carnival-employee-critically-hurt-while-working-on-ride-at-Owosso-festival-511039991.html
CNN,WBBMDriver escaping police causes fatal head-on crash,us,2019-06-11,01:10,https://edition.cnn.comhttps://chicago.cbslocal.com/2019/06/09/driver-trying-to-escape-police-causes-fatal-head-on-crash-in-garfield-park/
CNN,KMBCPost shows City Council candidate with gun,us,2019-06-11,01:10,https://edition.cnn.comhttps://www.kmbc.com/article/post-shows-city-council-candidate-in-menacing-pose-holding-a-gun/27821851
CNN,WCCOKayaker finds body in Mississippi River,us,2019-06-11,01:10,https://edition.cnn.comhttps://minnesota.cbslocal.com/2019/06/07/kayaker-finds-body-in-mississippi-river/
CNN,"WXMIInfant had burns, broken bones when she died",us,2019-06-11,01:10,https://edition.cnn.comhttps://fox17online.com/2019/06/08/two-children-killed-after-truck-rear-ends-carriage-in-branch-co/
CNN,WEWSGriffin beats the odds to graduate from high school,us,2019-06-11,01:10,https://edition.cnn.comhttps://journaltimes.com/news/local/griffin-beats-the-odds-to-graduate-from-park-high-school/article_27ce6508-98b1-53fc-a8a7-1af5aaa4e3d3.html#tracking-source=home-top-story
CNN,Napa Valley Register70 tons of weed seized in raids buried in landfill,us,2019-06-11,01:10,https://edition.cnn.comhttps://ktla.com/2019/06/07/70-tons-of-weed-buried-in-landfill-after-seizures-at-over-100-illegal-grows-in-anza-valley/
CNN,KSTUFamily saved after rescuers pull them out of river,us,2019-06-11,01:10,https://edition.cnn.comhttps://fox13now.com/2019/06/09/family-saved-in-rollover-crash-after-rescuers-pull-them-out-of-logan-river/
CNN,"KOVR3 firefighters, 1 cop taken to hospital for exposure",us,2019-06-11,01:10,https://edition.cnn.comhttps://sacramento.cbslocal.com/2019/06/08/fairfield-fluoride-gas-exposure-house-fire/
CNN,KCNCOrganization educates immigrants suffering abuse,us,2019-06-11,01:10,https://edition.cnn.comhttps://denver.cbslocal.com/2019/06/09/latina-safe-house-immigrants/
CNN,KSWBWoman struck and killed by two police cruisers ,us,2019-06-11,01:10,https://edition.cnn.comhttps://fox5sandiego.com/2019/06/09/woman-struck-and-killed-by-two-police-cruisers-in-hillcrest/
CNN,"KCRA2 burned, killed after highway crash",us,2019-06-11,01:10,https://edition.cnn.comhttps://www.kcra.com/article/2-burned-killed-after-crash-on-highway-50-on-ramp/27857944
CNN,KGTVSea lion pup wrapped in plastic ribbon rescued,us,2019-06-11,01:10,https://edition.cnn.comhttps://www.10news.com/news/local-news/sea-world-employees-rescue-sea-lion-strangling-from-plastic-ribbon-on-boomers-beach
CNN,KCPQWoman badly injured in ambulance-involved crash,us,2019-06-11,01:10,https://edition.cnn.comhttps://q13fox.com/2019/06/09/crash-involving-seattle-ambulance-leaves-woman-seriously-injured/
CNN,KHSLMan arrested for possession of assault rife,us,2019-06-11,01:10,https://edition.cnn.comhttps://www.actionnewsnow.com/content/news/Redding-traffic-collision-leads-to-arrest-of-man-possessing-assault-rifle-510979061.html
CNN,KPTVTruck crashes into home,us,2019-06-11,01:10,https://edition.cnn.comhttps://www.kptv.com/news/truck-crashes-into-home-in-se-portland/article_11b4f9ca-8af5-11e9-b5ee-3baf2b4c9fc4.html
CNN,16 years ago she nearly quit soccer. Now she’s ‘most impactful player ever.’,us,2019-06-11,01:10,https://edition.cnn.comhttps://bleacherreport.com/articles/2840344-carli-lloyd-is-not-yet-ready-to-ride-into-the-sunset?utm_source=cnn.com&utm_campaign=editorial&utm_medium=referral
CNN,He went from being MLB's worst pitcher to its best,us,2019-06-11,01:10,https://edition.cnn.comhttps://bleacherreport.com/articles/2839646-lucas-giolitos-rise-from-mlbs-worst-pitcher-to-its-best?utm_source=cnn.com&utm_campaign=editorial&utm_medium=referral
CNN,Dysfunctional NFL team takes step in right direction,us,2019-06-11,01:10,https://edition.cnn.comhttps://bleacherreport.com/articles/2840211-new-york-jets-finally-take-step-in-right-direction-with-new-gm-joe-douglas?utm_source=cnn.com&utm_campaign=editorial&utm_medium=referral
CNN,Report: NBA team hires women's hoops legend,us,2019-06-11,01:10,https://edition.cnn.comhttps://bleacherreport.com/articles/2840339-nba-rumors-pelicans-to-hire-wnba-legend-swin-cash-to-senior-position?utm_source=cnn.com&utm_campaign=editorial&utm_medium=referral
CNN,Raptors have made Warriors desperate and exhausted,us,2019-06-11,01:10,https://edition.cnn.comhttps://bleacherreport.com/articles/2840307-toronto-raptors-are-beating-golden-state-warriors-at-their-own-game?utm_source=cnn.com&utm_campaign=editorial&utm_medium=referral
CNN,CNN Business Before the Bell,us,2019-06-11,01:10,https://edition.cnn.com/videos/business/2019/06/10/mfb-06102019-1.cnn
CNN,Morning news briefing from CNN,us,2019-06-11,01:10,https://edition.cnn.com/videos/us/2019/06/10/daily-news-briefing-06102019-1.cnn
CNN,Surveillance video shows David Ortiz being shot,us,2019-06-11,01:10,https://edition.cnn.com/videos/us/2019/06/10/david-ortiz-shot-mlb-boston-red-sox-orig-js.cnn/video/playlists/top-news-videos/
CNN,Crane collapses onto apartment complex,us,2019-06-11,01:10,https://edition.cnn.com/videos/us/2019/06/09/crane-collapse-apartment-complex-dallas-orig-mss.cnn/video/playlists/top-news-videos/
CNN,Rapper found dead from gunshot wounds after car crash,us,2019-06-11,01:10,https://edition.cnn.com/videos/us/2019/06/09/maryland-rapper-tre-da-kid-found-dead-fsc-orig.cnn/video/playlists/top-news-videos/
CNN,Jury reaches verdict for McStay family killing ,us,2019-06-11,01:10,https://edition.cnn.com/videos/us/2019/06/09/jury-reaches-verdict-mcstay-family-killing-wxp-vpx.hln/video/playlists/top-news-videos/
CNN,Police chief missing after falling overboard from boat,us,2019-06-11,01:10,https://edition.cnn.com/videos/us/2019/06/09/missing-police-chief-search-chris-reed-texas-overboard-boat-ndwknd-vpx.cnn/video/playlists/top-news-videos/
CNN,CNN poll: Joe Biden leading Democratic pack,us,2019-06-11,01:10,https://edition.cnn.com/videos/politics/2019/06/09/joe-biden-leading-cnn-des-moines-poll-chalian-nr-vpx.cnn/video/playlists/top-news-videos/
CNN,Family searches for answers one year after veteran's death,us,2019-06-11,01:10,https://edition.cnn.com/videos/us/2019/06/08/army-veteran-everett-palmer-jr-death-polo-sandoval-newsroom-vpx.cnn/video/playlists/top-news-videos/
CNN,Study finds police officers' hateful social media posts,us,2019-06-11,01:10,https://edition.cnn.com/videos/us/2019/06/08/police-officers-social-media-hateful-posts-study-smerconish-vpx.cnn/video/playlists/top-news-videos/
CNN,Former state senator found dead in his Oklahoma home,us,2019-06-11,01:10,https://edition.cnn.com/videos/us/2019/06/08/former-senator-jonathan-nichols-dead-pkg-vpx.kfor/video/playlists/top-news-videos/
CNN,Trump: Tariffs on Mexican imports indefinitely suspended,us,2019-06-11,01:10,https://edition.cnn.com/videos/politics/2019/06/08/trump-mexico-agreement-tariff-deadline-ac360-vpx.cnn/video/playlists/top-news-videos/
CNN,Baby found in plastic bag in the woods,us,2019-06-11,01:10,https://edition.cnn.com/videos/us/2019/06/08/georgia-baby-found-in-woods-dnt-vpx.wsb/video/playlists/top-news-videos/
CNN,Ex-cop sentenced to 12.5 years for murder of bride-to-be,us,2019-06-11,01:10,https://edition.cnn.com/videos/us/2019/06/07/mohamed-noor-sentenced-murder-of-justine-ruszczyk-ots-vpx.hln/video/playlists/top-news-videos/
CNN,Utah man arrested for making threats to Congress,us,2019-06-11,01:10,https://edition.cnn.com/videos/politics/2019/06/07/scott-brian-haven-threats-to-congress-sot-crn-vpx.cnn/video/playlists/top-news-videos/
CNN,Police: Man plotted to denotate explosives in Times Square,us,2019-06-11,01:10,https://edition.cnn.com/videos/us/2019/06/07/suspect-arrested-for-allegedly-planning-to-detonate-explosives-times-square-gingras-vpx.cnn/video/playlists/top-news-videos/
CNN,US Navy releases video of near-miss with Russian ship,us,2019-06-11,01:10,https://edition.cnn.com/videos/world/2019/06/07/us-russia-navy-destroyers-near-collision-incident-video-vpx.cnn/video/playlists/top-news-videos/
CNN,Trump responds to Pelosi: She's a disgrace,us,2019-06-11,01:10,https://edition.cnn.com/videos/politics/2019/06/07/trump-pelosi-fox-news-interview-ctn-vpx.cnn/video/playlists/top-news-videos/
CNN,Refinance rates at 3.125% APR. Do you qualify?,us,2019-06-11,01:10,https://edition.cnn.comhttps://ck.lendingtree.com/?a=343&c=2546&p=r&s1=sections&mtaid=A944E&ctype=sectionfronts&cmethod=refiform&ccreative=refiratesat3125doyouqualify_nicehouse&placement_name=sectionfronts&ad_headline=refiratesat3125doyouqualify&ad_image=nicehouse
CNN,Do this before your next mortgage payment (it's genius!),us,2019-06-11,01:10,https://edition.cnn.comhttps://ck.lendingtree.com/?a=343&c=2920&p=r&s1=sections&mtaid=02C68&ctype=sectionfronts&cmethod=flexoption&ccreative=dothismortpaygenius_nicehouse&placement_name=sectionfronts&ad_headline=dothismortpaygenius&ad_image=nicehouse
CNN,Your best refinance rates for April 2019,us,2019-06-11,01:10,https://edition.cnn.comhttps://ck.lendingtree.com/?a=343&c=2546&p=r&s1=sections&mtaid=A944E&ctype=sectionfronts&cmethod=refiform&ccreative=bestrefiapr2019_nicehouse&placement_name=sectionfronts&ad_headline=bestrefiapr2019&ad_image=nicehouse
CNN,Transfer your debt and pay no interest until 2021,us,2019-06-11,01:10,https://edition.cnn.comhttps://www.comparecards.com/guide/pay-0-interest-until-2021?esourceid=6382206&utm_source=cnn&utm_medium=native&pla=cnn.com&bdst=rv&acqs=prospecting&utm_campaign=sectionfront&grp=pay-0-2021&tar=sectionfront&utm_content=transfer+your+debt+and+pay+no+interest+until+2021&adt=closesilver4
CNN,"The fastest way to pay off $10,000 in credit card debt",us,2019-06-11,01:10,https://edition.cnn.comhttps://www.comparecards.com/guide/heres-a-brilliant-way-to-pay-credit-cards?esourceid=6315166&utm_source=cnn&utm_medium=native&pla=cnn.com&bdst=rv&acqs=prospecting&utm_campaign=sectionfront&grp=brilliant-way&tar=sectionfront&utm_content=fastest&adt=orangered
CNN,Get almost 2 years interest-free with 1 of these cards,us,2019-06-11,01:10,https://edition.cnn.comhttps://www.comparecards.com/guide/pay-0-interest-until-2021?esourceid=6382206&utm_source=cnn&utm_medium=native&pla=cnn.com&bdst=rv&acqs=prospecting&utm_campaign=sectionfront&grp=pay-0-2021&tar=sectionfront&utm_content=get+almost+2+years+interest-free+with+1+of+these+cards&adt=closesilver4
CNN,"Goodbye, old iPhone: This could be 40X better  ",us,2019-06-11,01:10,https://edition.cnn.comhttps://www.fool.com/mms/mark/iphone-tsunami-advert?utm_source=cnn&utm_medium=contentmarketing&utm_campaign=super-iphonetsunami&paid=9041&waid=9041&psource=erbccn7410000042&wsource=erbccnwdg0000044
CNN,"Bitcoin up 30,000X -- here's your backdoor in",us,2019-06-11,01:10,https://edition.cnn.comhttps://www.fool.com/mms/mark/backdoor-bitcoin-advert?utm_source=cnn&utm_medium=contentmarketing&utm_campaign=sar-nov2017-1&paid=9081&waid=9081&psource=esaccn7410000072&wsource=esaccnwdg0000075
CNN,$19.9 trillion idea hidden in plain sight,us,2019-06-11,01:10,https://edition.cnn.comhttps://www.fool.com/mms/mark/gates-10-msft?utm_source=cnn&utm_medium=contentmarketing&utm_campaign=ai-10msfts&paid=8976&waid=8976&psource=esaccn7410000070&wsource=esaccnwdg0000073
CNN,"Helicopter crash-lands on top of building in Manhattan, killing pilot",us,2019-06-11,01:10,https://edition.cnn.com/2019/06/10/us/helicopter-building-new-york/index.html
CNN,Helicopter crashes into New York City building,us,2019-06-11,01:10,https://edition.cnn.com/us/live-news/manhattan-helicopter-crash-june-2019/index.html
CNN,Fact-checking Trump's CNBC interview,us,2019-06-11,01:10,https://edition.cnn.com/2019/06/10/politics/trump-cnbc-interview-tariff-china-wine-fact-check/index.html
CNN,Witness: You could feel the building shake,us,2019-06-11,01:10,https://edition.cnn.com/videos/us/2019/06/10/witness-manhattan-helicopter-crash-sot-vpx.cnn
CNN,READ: Justice Department outlines review of Mueller investigation start,us,2019-06-11,01:10,https://edition.cnn.com/2019/06/10/politics/doj-review-of-intelligence-activities-mueller/index.html
CNN,FDNY: Helicopter crashes into building in Manhattan,us,2019-06-11,01:10,https://edition.cnn.com/videos/us/2019/06/10/helicopter-crash-building-new-york-vpx.cnn
CNN,Bishop: No communion for lawmakers who support this bill,us,2019-06-11,01:10,https://edition.cnn.com/videos/politics/2019/06/10/illinois-bishop-refuse-communion-lawmakers-abortion-bill-ots-vpx.hln
CNN,"Justice Department strikes deal with House Democrats over Mueller report evidence, Nadler says",us,2019-06-11,01:10,https://edition.cnn.com/2019/06/10/politics/jerry-nadler-mueller-report-william-barr/index.html
CNN,"Review of Russia investigation beginnings will be 'broad and multifaceted,' Justice Dept. says",us,2019-06-11,01:10,https://edition.cnn.com/2019/06/10/politics/russia-investigation-start-doj/index.html
CNN,Donald Trump lies more often than you wash your hands every day,us,2019-06-11,01:10,https://edition.cnn.com/2019/06/10/politics/donald-trump-lies-fact-check/index.html
CNN,Supreme Court to meet behind closed doors on Thursday to discuss DACA,us,2019-06-11,01:10,https://edition.cnn.com/2019/06/10/politics/supreme-court-to-meet-daca/index.html
CNN,Gov. Cuomo responds to helicopter crash in NYC building,us,2019-06-11,01:10,https://edition.cnn.com/videos/us/2019/06/10/nyc-helicopter-crash-manhattan-andrew-cuomo-reaction-bts-nr-vpx.wcbs
CNN,A weatherman criticized his TV station on air,us,2019-06-11,01:10,https://edition.cnn.com/videos/us/2019/06/10/weatherman-code-red-orig-bu.cnn
CNN,Triple Crown Fast Facts,us,2019-06-11,01:10,https://edition.cnn.com/2013/09/28/us/triple-crown-fast-facts/index.html
CNN,A 4.0-magnitude earthquake was reported 20 miles outside Cleveland,us,2019-06-11,01:10,https://edition.cnn.com/2019/06/10/us/earthquake-cleveland-wxc/index.html
CNN,Business associate found guilty of killing McStay family,us,2019-06-11,01:10,https://edition.cnn.com/2019/06/10/us/mcstay-family-guilty/index.html
CNN,Soldier to become Iraq War's first living Medal of Honor recipient ,us,2019-06-11,01:10,https://edition.cnn.com/2019/06/10/politics/medal-of-honor-david-bellavia-iraq-war/index.html
CNN,Cranes are supposed to withstand 140 mph winds. So what caused the deadly Dallas crane collapse?,us,2019-06-11,01:10,https://edition.cnn.com/2019/06/10/us/dallas-crane-collapse/index.html
CNN,Tony Awards Fast Facts,us,2019-06-11,01:10,https://edition.cnn.com/2013/06/06/us/tony-awards-fast-facts/index.html
CNN,Up close with alien planets,us,2019-06-11,01:10,https://edition.cnn.com/2016/12/17/us/gallery/nasa-exoplanet-artist-renderings/index.html
CNN,Trump defends Mexico deal as skepticism intensifies,us,2019-06-11,01:10,https://edition.cnn.com/videos/politics/2019/06/10/trump-defends-mexico-deal-cnbc-abby-phillip-ath-vpx.cnn
CNN,The 27 most dubious lines from Donald's Trump's CNBC phone interview,us,2019-06-11,01:10,https://edition.cnn.com/2019/06/10/politics/donald-trump-cnbc-tariffs-china-mexico/index.html
CNN,Here's why California can't just close the Santa Anita race track,us,2019-06-11,01:10,https://edition.cnn.com/2019/06/10/us/santa-anita-horse-deaths-why-trnd/index.html
CNN,Navarro: Biden is giving me 'Jeb Bush acid reflux',us,2019-06-11,01:10,https://edition.cnn.com/videos/politics/2019/06/10/joe-biden-campaign-ana-navarro-newday-vpx.cnn
CNN,Ken Cuccinelli takes over as acting director of Citizenship and Immigration Services,us,2019-06-11,01:10,https://edition.cnn.com/2019/06/10/politics/cucinelli-uscis-acting-director/index.html
CNN,There's a really sweet reason why the names on these kids' jerseys are not theirs,us,2019-06-11,01:10,https://edition.cnn.com/2019/06/10/us/new-york-city-police-little-league-baseball-honoring-the-fallen-btc/index.html
CNN,"CNN Iowa poll: Warren, Buttigieg show strength and five more key takeaways",us,2019-06-11,01:10,https://edition.cnn.com/2019/06/10/politics/iowa-poll-takeaways/index.html
CNN,Surveillance video shows David Ortiz being shot,us,2019-06-11,01:10,https://edition.cnn.com/videos/us/2019/06/10/david-ortiz-shot-mlb-boston-red-sox-orig-js.cnn
CNN,Mass civil disobedience campaign shuts down Sudanese capital as death toll rises,africa,2019-06-11,01:10,https://edition.cnn.com/2019/06/10/africa/sudan-general-strike-protests-intl-hnk/index.html
CNN,Social media blocked as Liberians protest,africa,2019-06-11,01:10,https://edition.cnn.com/2019/06/07/africa/liberia-protests-george-weah/index.html
CNN,African elephant poaching has declined,africa,2019-06-11,01:10,https://edition.cnn.com/2019/06/06/world/elephants-poaching-decrease-trnd/index.html
CNN,Opposition group calls for 'civil disobedience' in Sudan,africa,2019-06-11,01:10,https://edition.cnn.com/2019/06/09/africa/sudan-civil-disobedience-intl/index.html
CNN,Several lions might have escaped from a South African park,africa,2019-06-11,01:10,https://edition.cnn.com/2019/06/07/world/lions-escape-south-africa-park-trnd/index.html
CNN,Leopard kills 2-year-old boy in Kruger National Park ,africa,2019-06-11,01:10,https://edition.cnn.com/2019/06/06/africa/leopard-kills-boy-kruger-south-africa-intl/index.html
CNN,Former Nigerian dictator $267m seized from foreign account,africa,2019-06-11,01:10,https://edition.cnn.com/2019/06/05/africa/nigeria-abacha-stolen-loot-jersey-intl/index.html
CNN,Death roll rises to 100 as bodies found in Nile,africa,2019-06-11,01:10,https://edition.cnn.com/2019/06/05/africa/sudan-death-toll-intl/index.html
CNN,"Almost 2,000 Ebola cases confirmed in DR Congo",africa,2019-06-11,01:10,https://edition.cnn.com/2019/06/03/health/drc-congo-ebola-intl/index.html
CNN,South Africa makes history as women make up half of government,africa,2019-06-11,01:10,https://edition.cnn.com/2019/05/30/africa/south-africa-gender-balanced-cabinent-intl/index.html
CNN,The schoolgirls fighting against child marriage in Nigeria,africa,2019-06-11,01:10,https://edition.cnn.com/2019/05/25/africa/nigerian-girls-child-marriage-campaign-intl/index.html
CNN,"Botswana's return to elephant hunting won't solve any problems, ex-President says",africa,2019-06-11,01:10,https://edition.cnn.com/2019/06/02/africa/botswana-president-hunting-ban-intl/index.html
CNN,Why lesbian romance film was banned in Kenya,africa,2019-06-11,01:10,https://edition.cnn.com/style/article/wanuri-kahiu-kenya-lgbtq-rafiki-intl/index.html
CNN,They tried to use rape to silence women protesters in Sudan. It didn't work,africa,2019-06-11,01:10,https://edition.cnn.com/2019/05/17/africa/sudan-protests-asequals-intl/index.html
CNN,Turning an African superpower into a world champion,africa,2019-06-11,01:10,https://edition.cnn.com/2019/05/29/football/nigeria-super-falcons-thomas-dennerby-asisat-oshoala-womens-world-cup-spt-intl/index.html
CNN,How China's streaming app beat Spotify and Apple in Africa,africa,2019-06-11,01:10,https://edition.cnn.com/2019/06/05/africa/boomplay-music-africa-intl/index.html
CNN,Meet the culinary creatives shaking up African food ,africa,2019-06-11,01:10,https://edition.cnn.com/travel/article/african-chefs-food/index.html
CNN,Can Kenya's China-built railway line revive its economy?,africa,2019-06-11,01:10,https://edition.cnn.com/2019/05/20/china/china-kenya-sgr-rail-africa-intl/index.html
CNN,Ethiopia's garment workers are the least paid in the world,africa,2019-06-11,01:10,https://edition.cnn.com/2019/05/11/africa/ethiopia-garment-workers-lowest-paid-intl/index.html
CNN,Meet one of the most inspiring women in the world,africa,2019-06-11,01:10,https://edition.cnn.com/2019/05/09/africa/tererai-trent-most-inspiring-woman-intl/index.html
CNN,Ghana's floating village clings to ancient traditions,africa,2019-06-11,01:10,https://edition.cnn.com/travel/article/nzulezo-ghana-stilt-village-intl/index.html
CNN,The man who risked his life to protect Liberia's forests  ,africa,2019-06-11,01:10,https://edition.cnn.com/2019/04/29/africa/liberian-activist-goldman-prize-intl/index.html
CNN,Activist: Protesters will keep using peaceful tactics,africa,2019-06-11,01:10,https://edition.cnn.com/videos/world/2019/06/10/sudan-civil-disobedience-military-protests-reem-abbas-sot-vpx.cnn
CNN,African country with the most elephants ends hunting ban,africa,2019-06-11,01:10,https://edition.cnn.com/videos/world/2019/05/29/elephant-hunting-botswana-newday-mckenzie-pkg-vpx.cnn
CNN,How Sudan targeted the women driving protests,africa,2019-06-11,01:10,https://edition.cnn.com/videos/world/2019/05/17/sudan-women-protester-violence-nima-elbagir-lon-orig-mkd.cnn
CNN,"Remembering the Rwanda genocide, 25 years on",africa,2019-06-11,01:10,https://edition.cnn.com/videos/world/2019/05/30/amanpour-rwanda-genocide-25th-anniversary.cnn
CNN,Why the 'giant of Africa' still struggles with extreme poverty,africa,2019-06-11,01:10,https://edition.cnn.com/videos/world/2019/02/14/nigeria-2019-explainer-oil-economy-poverty-lon-orig.cnn
CNN,How this skier found peace off the podium,africa,2019-06-11,01:10,https://edition.cnn.com/2019/04/24/sport/matt-bouman-south-africa-spt-intl/index.html
CNN,The man who plays the saxophone without the instrument,africa,2019-06-11,01:10,https://edition.cnn.com/2019/05/03/africa/nigerian-man-plays-saxophone-with-mouth-intl/index.html
CNN,Netflix to launch all girl superhero animation series from Africa,africa,2019-06-11,01:10,https://edition.cnn.com/2019/04/20/africa/netflix-first-african-animated-series-intl/index.html
CNN,Time is running out for Namibia's Wild Horses,africa,2019-06-11,01:10,https://edition.cnn.com/videos/world/2019/05/29/inside-africa-namibia-wild-horses-environmentalists-vision.cnn
CNN,Egypt's hidden history continues to enthrall the world,africa,2019-06-11,01:10,https://edition.cnn.com/videos/world/2019/05/29/inside-africa-archaeology-egypt-vision.cnn
CNN,Cape Verde's colorful carnival,africa,2019-06-11,01:10,https://edition.cnn.com/videos/tv/2019/04/30/inside-africa-vision.cnn
CNN,Why global tech giants are investing in Africa ,africa,2019-06-11,01:10,https://edition.cnn.com/2019/05/17/africa/tech-giants-in-africa-intl/index.html
CNN,What makes the Protea the most sought after flower ,africa,2019-06-11,01:10,https://edition.cnn.com/videos/world/2019/05/30/marketplace-africa-protea-flowers-south-africa-vision.cnn
CNN,The African Union seeks a more 'United States of Africa' ,africa,2019-06-11,01:10,https://edition.cnn.com/2019/05/09/africa/au-passport-free-trade-area-intl/index.html
CNN,Naomi Campbell is putting African fashion centre stage,africa,2019-06-11,01:10,https://edition.cnn.com/videos/style/2019/05/20/naomi-campbell-arise-fashion-week-style-orig.cnn
CNN,Ghana debuts at the Venice Biennale,africa,2019-06-11,01:10,https://edition.cnn.com/style/article/ghana-venice-biennale-2019/index.html
CNN, Seven leading African photographers,africa,2019-06-11,01:10,https://edition.cnn.com/style/article/african-photographers-nataal-everyday-africa-tokini-peterside/index.html
CNN,Kenya's best food is a kaleidoscope of flavors,africa,2019-06-11,01:10,https://edition.cnn.com/travel/article/kenyan-food-dishes/index.html
CNN,20 best things to do in Kenya,africa,2019-06-11,01:10,https://edition.cnn.com/travel/article/kenya-things-to-do/index.html
CNN,Photos capture rare 'Elephant Queen',africa,2019-06-11,01:10,https://edition.cnn.com/travel/article/rare-elephant-pictures-kenya/index.html
CNN,The studio Netflix chose for its first African cartoon series ,africa,2019-06-11,01:10,https://edition.cnn.com/2019/06/03/africa/triggerfish-animation-studio-africa-intl/index.html
CNN,The iced tea harnessing South Africa's miracle plant,africa,2019-06-11,01:10,https://edition.cnn.com/videos/business/2019/05/31/bos-iced-tea-itm-south-africa-lon-orig.cnn-business
CNN,How South Africa built one of the world's most advanced telescopes,africa,2019-06-11,01:10,https://edition.cnn.com/2019/06/03/business/south-africa-meerkat-telescope/index.html
CNN,"Crowd beat up suspect in shooting of Red Sox legend David Ortiz before handing him to authorities, police say",americas,2019-06-11,01:10,https://edition.cnn.com/2019/06/09/americas/mlb-david-ortiz-shot-dominican-republic/index.html
CNN,Venezuela plans to reopen borders with Colombia ,americas,2019-06-11,01:10,https://edition.cnn.com/2019/06/07/americas/venezuela-maduro-colombia-border/index.html
CNN,"3 myths about Mexico and migration, debunked",americas,2019-06-11,01:10,https://edition.cnn.com/2019/06/05/americas/mexico-migration-myths/index.html
CNN,They risked everything for Guaidó. Now Venezuela's military defectors are lost,americas,2019-06-11,01:10,https://edition.cnn.com/2019/06/04/americas/venezuela-defectors-lost-intl/index.html
CNN,"Thousands of killed or missing Indigenous women and girls are victims of a 'Canadian genocide,' report says",americas,2019-06-11,01:10,https://edition.cnn.com/2019/06/03/americas/canadian-genocide-indigenous-women-and-girls-report/index.html
CNN,Fire burns US Embassy entrance in Honduras amid privatization protests ,americas,2019-06-11,01:10,https://edition.cnn.com/2019/05/31/americas/us-embassy-honduras-fire/index.html
CNN,Honduran president confirms he was investigated by the DEA,americas,2019-06-11,01:10,https://edition.cnn.com/2019/05/31/americas/honduras-juan-orlando-hernandez-dea-intl/index.html
CNN,Justin Trudeau has some things to say about America's abortion debate,americas,2019-06-11,01:10,https://edition.cnn.com/2019/05/29/americas/trudeau-mike-pence-abortion-intl/index.html
CNN,At least 23 people killed in Mexico bus crash,americas,2019-06-11,01:10,https://edition.cnn.com/2019/05/29/americas/mexico-bus-crash-intl/index.html
CNN,55 inmates killed in spate of prison riots in Brazil,americas,2019-06-11,01:10,https://edition.cnn.com/2019/05/27/americas/brazil-prison-deaths-intl/index.html
CNN,Man dies on plane after swallowing 246 packets of cocaine,americas,2019-06-11,01:10,https://edition.cnn.com/2019/05/28/americas/mexico-cocaine-plane-death-scli-intl/index.html
CNN,Fact-checking Trump's CNBC interview,americas,2019-06-11,01:10,https://edition.cnn.com/2019/06/10/politics/trump-cnbc-interview-tariff-china-wine-fact-check/index.html
CNN,Trump defends Mexico deal as skepticism intensifies,americas,2019-06-11,01:10,https://edition.cnn.com/videos/politics/2019/06/10/trump-defends-mexico-deal-cnbc-abby-phillip-ath-vpx.cnn
CNN,Cuba travel restrictions: What you need to know,americas,2019-06-11,01:10,https://edition.cnn.com/travel/article/cuba-travel-restrictions-what-to-know/index.html
CNN,Draw secures Argentina its first point in Women's World Cup history,americas,2019-06-11,01:10,https://edition.cnn.com/2019/06/10/football/womens-world-cup-day-four-highlights-spt-intl/index.html
CNN,CNN en Español,americas,2019-06-11,01:10,https://edition.cnn.comhttp://cnnespanol.cnn.com/?hpt=header_edition-picker
CNN,Fmr Ambassador: 'Mexico is Trump's Piñata' ,americas,2019-06-11,01:10,https://edition.cnn.com/videos/world/2019/06/10/amanpour-arturo-sarukhan-us-mexico.cnn
CNN,Video purportedly shows moment David Ortiz was shot,americas,2019-06-11,01:10,https://edition.cnn.com/videos/world/2019/06/10/david-ortiz-shooting-surveillance-video-vpx.cnn
CNN,David Ortiz shot in the Dominican Republic,americas,2019-06-11,01:10,https://edition.cnn.com/videos/world/2019/06/10/david-ortiz-shot-the-dominican-republic-vpx.cnn
CNN,Trump: Tariffs on Mexican imports indefinitely suspended,americas,2019-06-11,01:10,https://edition.cnn.com/videos/politics/2019/06/08/trump-mexico-agreement-tariff-deadline-ac360-vpx.cnn
CNN,Guatemala's amazing Tikal ruins,americas,2019-06-11,01:10,https://edition.cnn.com/travel/gallery/tikal-guatemala-ruins-photos/index.html
CNN,World Rugby Sevens Series 2018-19: The season so far,americas,2019-06-11,01:10,https://edition.cnn.com/2018/12/02/sport/gallery/rugby-sevens-story-of-the-season-2018-19-spt-intl/index.html
CNN,Photos of abandoned sacred places around the world,americas,2019-06-11,01:10,https://edition.cnn.com/travel/gallery/abandoned-sacred-places-photos/index.html
CNN,Breakfast around the globe,americas,2019-06-11,01:10,https://edition.cnn.com/travel/gallery/breakfast-around-the-globe-photos/index.html
CNN,"More than 1 million protest in Hong Kong, organizers say, over Chinese extradition law",asia,2019-06-11,01:10,https://edition.cnn.com/2019/06/08/asia/hong-kong-extradition-bill-protest-intl/index.html
CNN,These North Korean defectors were sold into China as cybersex slaves. Then they escaped,asia,2019-06-11,01:10,https://edition.cnn.com/2019/06/09/asia/north-korea-defectors-intl-hnk/index.html
CNN,North Korean women trafficked to China as cybersex slaves,asia,2019-06-11,01:10,https://edition.cnn.com/videos/tv/2019/06/10/north-korean-julie-zaugg.cnn
CNN,These women escaped horrors of sex trafficking,asia,2019-06-11,01:10,https://edition.cnn.com/videos/world/2019/06/10/north-korean-women-trafficked-sex-trade-hancocks-pkg-vpx.cnn
CNN,Former Pakistani President Asif Ali Zardari arrested on corruption charges,asia,2019-06-11,01:10,https://edition.cnn.com/2019/06/10/asia/asif-ali-zardari-arrested-intl/index.html
CNN,These North Korean defectors were sold into China as cybersex slaves. Then they escaped,asia,2019-06-11,01:10,https://edition.cnn.com/2019/06/09/asia/north-korea-defectors-intl-hnk/index.html
CNN,Kathua child rape and murder: Indian court finds six guilty in case that outraged nation,asia,2019-06-11,01:10,https://edition.cnn.com/2019/06/10/asia/india-jammu-rape-trial-verdict-intl-hnk/index.html
CNN,Japan F-35 fighter crash: Pilot suffered 'spatial disorientation',asia,2019-06-11,01:10,https://edition.cnn.com/2019/06/10/asia/japan-f-35-fighter-crash-cause-hnk-intl/index.html
CNN,Hong Kong's protest movement was on life support. Then the government revived it,asia,2019-06-11,01:10,https://edition.cnn.com/2019/06/10/asia/hong-kong-extradition-protest-intl-hnk/index.html
CNN,India's election spending surges past US to record high,asia,2019-06-11,01:10,https://edition.cnn.com/2019/06/08/asia/india-election-spending-intl/index.html
CNN,How a boy band from South Korea became the biggest in the world,asia,2019-06-11,01:10,https://edition.cnn.com/2019/06/01/asia/bts-kpop-us-intl/index.html
CNN,India's trash mountains are a fetid symbol of the country's plastic problem,asia,2019-06-11,01:10,https://edition.cnn.com/2019/06/07/asia/india-plastic-waste-intl-hnk/index.html
CNN,Vietnamese blogger sentenced to 6 years in jail for environmental protest,asia,2019-06-11,01:10,https://edition.cnn.com/2019/06/07/asia/vietnam-blogger-jailed-intl/index.html
CNN,94 Taiwanese criminal suspects extradited from Spain to Beijing,asia,2019-06-11,01:10,https://edition.cnn.com/2019/06/07/asia/taiwan-extradition-beijing-intl/index.html
CNN,Gaokao: Can you pass China's grueling college entrance exam? ,asia,2019-06-11,01:10,https://edition.cnn.com/2016/06/07/asia/gaokao-quiz/index.html
CNN,Australia meth bust: shipment of speakers used to hide largest onshore seizure,asia,2019-06-11,01:10,https://edition.cnn.com/2019/06/06/asia/largest-meth-bust-onshore-australia-trnd/index.html
CNN,Cardinal Pell back in prison while judges consider appeal,asia,2019-06-11,01:10,https://edition.cnn.com/2019/06/06/asia/cardinal-pell-appeal-intl/index.html
CNN,Thailand's junta chief elected as country's next prime minister,asia,2019-06-11,01:10,https://edition.cnn.com/2019/06/06/asia/thailand-prime-minister-prayut-intl/index.html
CNN,Xi meets 'best and bosom friend' Putin amid raging US trade war,asia,2019-06-11,01:10,https://edition.cnn.com/2019/06/05/asia/putin-xi-us-trade-intl/index.html
CNN,Cardinal Pell's lawyers seek to free convicted sex attacker on appeal,asia,2019-06-11,01:10,https://edition.cnn.com/2019/06/04/asia/australia-pell-appeal-intl/index.html
CNN,'I'm not backing down this time': Chinese dissident artist Badiucao reveals his identity,asia,2019-06-11,01:10,https://edition.cnn.com/style/article/badiucao-documentary-reveals-identity-intl/index.html
CNN,Thousands of Japanese women join campaign to ban workplace high heel requirements,asia,2019-06-11,01:10,https://edition.cnn.com/style/article/japan-heels-petition-intl/index.html
CNN,How Tiananmen Square's 'Goddess of Democracy' became a symbol of defiance,asia,2019-06-11,01:10,https://edition.cnn.com/style/article/tiananmen-square-goddess-of-democracy/index.html
CNN,"Retired cricketer's resort offers wildlife spotting, luxury tents",asia,2019-06-11,01:10,https://edition.cnn.com/travel/article/india-bison-resort/index.html
CNN,Pro athlete trades cricket for India's wilderness ,asia,2019-06-11,01:10,https://edition.cnn.com/videos/travel/2019/06/06/bison-resort-india-vision.cnn
CNN,Taiwan used to be home to a huge number of bears. No one really knows how many are left,asia,2019-06-11,01:10,https://edition.cnn.com/travel/article/taiwan-black-bear-intl/index.html
CNN,Experiencing the wonder of Indian democracy,asia,2019-06-11,01:10,https://edition.cnn.com/travel/article/election-tourism-india/index.html
CNN,India's 30 most beautiful places to visit,asia,2019-06-11,01:10,https://edition.cnn.com/travel/article/india-beautiful-places/index.html
CNN,Indian food: The best dishes in each region,asia,2019-06-11,01:10,https://edition.cnn.com/travel/article/indian-food-dishes/index.html
CNN,5 dishes every Hanoi visitor needs to try,asia,2019-06-11,01:10,https://edition.cnn.com/travel/article/hanoi-food-best-dishes/index.html
CNN,"Where to try bia hoi, Hanoi's 25 cent beer ",asia,2019-06-11,01:10,https://edition.cnn.com/travel/article/hanoi-ta-hien-street/index.html
CNN,Hanoi's best boutique hotels,asia,2019-06-11,01:10,https://edition.cnn.com/travel/article/hanoi-boutique-hotels/index.html
CNN,Japan's samurai swordsmiths cling to a centuries-old craft,asia,2019-06-11,01:10,https://edition.cnn.com/style/article/fusahiro-shimojima-samurai-swordsmith/index.html
CNN,Classic paintings with tiny manga characters,asia,2019-06-11,01:10,https://edition.cnn.com/style/article/keita-sagaki-masterpieces-manga/index.html
CNN,Hidden emotions of Japanese Noh masks,asia,2019-06-11,01:10,https://edition.cnn.com/style/article/japan-noh-mask-photography/index.html
CNN,Best places to visit for the ultimate Asia experience ,asia,2019-06-11,01:10,https://edition.cnn.com/travel/article/asia-best-places-to-visit/index.html
CNN,Flying with the barefoot pilots of the Maldives  ,asia,2019-06-11,01:10,https://edition.cnn.com/travel/article/trans-maldivian-airways-maldives/index.html
CNN,Hong Kong's wildest dining experience,asia,2019-06-11,01:10,https://edition.cnn.com/travel/article/tung-po-hong-kong-restaurant/index.html
CNN,7 super spicy South Korean dishes ,asia,2019-06-11,01:10,https://edition.cnn.com/travel/article/korea-spicy-dishes/index.html
CNN,Tongyeong: South Korea's seaside escape,asia,2019-06-11,01:10,https://edition.cnn.com/travel/article/tongyeong-south-korea/index.html
CNN,The Seoul cafe that looks like a cartoon,asia,2019-06-11,01:10,https://edition.cnn.com/travel/article/cartoon-cafe-seoul/index.html
CNN,Classic stove train showcases Japan's wintery landscapes,asia,2019-06-11,01:10,https://edition.cnn.com/travel/article/japan-winter-stove-train-tsugaru/index.html
CNN,Tohoku's most beautiful places ,asia,2019-06-11,01:10,https://edition.cnn.com/travel/article/tohoku-natural-attractions/index.html
CNN,Exploring Japan's spectacular 'snow monsters' ,asia,2019-06-11,01:10,https://edition.cnn.com/travel/article/zao-onsen-japan/index.html
CNN,Australia: From nude calendars to Women's World Cup contenders ,australia,2019-06-11,01:10,https://edition.cnn.com/2019/06/02/football/matildas-naked-calendar-australia-womens-football-womens-world-cup-france-2019-wwc-spt-intl/index.html
CNN,Cristiane: Brazil striker makes Women's World Cup history in win over Jamaica,australia,2019-06-11,01:10,https://edition.cnn.com/2019/06/09/football/australia-italy-england-scotland-womens-world-cup-spt-int/index.html
CNN,"Australian police deny waging 'war on the media,' but more raids are possible",australia,2019-06-11,01:10,https://edition.cnn.com/2019/06/06/media/police-raid-abc-australia/index.html
CNN,Australia meth bust: shipment of speakers used to hide largest onshore seizure,australia,2019-06-11,01:10,https://edition.cnn.com/2019/06/06/asia/largest-meth-bust-onshore-australia-trnd/index.html
CNN,Australia reels from worst rampage killing in decades for a country thought to have solved this issue,australia,2019-06-11,01:10,https://edition.cnn.com/2019/06/05/australia/australia-darwin-gun-attack-intl/index.html
CNN,Cardinal Pell's lawyers seek to free convicted sex attacker on appeal,australia,2019-06-11,01:10,https://edition.cnn.com/2019/06/04/asia/australia-pell-appeal-intl/index.html
CNN,Four killed in mass shooting in northern Australia,australia,2019-06-11,01:10,https://edition.cnn.com/2019/06/04/australia/darwin-shooting-australia-intl/index.html
CNN,Dinosaur bones shimmering with opal reveal a new species,australia,2019-06-11,01:10,https://edition.cnn.com/2019/06/04/world/dinosaur-species-opal-trnd-scn/index.html
CNN,Chinese warships arrive in Sydney Harbor on Australian stopover,australia,2019-06-11,01:10,https://edition.cnn.com/2019/06/03/australia/chinese-warships-australia-intl/index.html
CNN,Five bodies spotted in search for missing Himalayas climbers,australia,2019-06-11,01:10,https://edition.cnn.com/2019/06/03/asia/8-climbers-indian-himalayas-avalanche-intl/index.html
CNN,New York Times: Trump administration discussed Australia tariffs ,australia,2019-06-11,01:10,https://edition.cnn.com/2019/06/03/politics/trump-australia-tariffs/index.html
CNN,"Rival South China Sea visions in spotlight as Washington, Beijing front Shangri-La Dialogue",australia,2019-06-11,01:10,https://edition.cnn.com/2019/05/30/asia/us-south-china-sea-shangri-la-intl/index.html
CNN,US intelligence partners wary of Barr's Russia review,australia,2019-06-11,01:10,https://edition.cnn.com/2019/05/30/politics/barr-intelligence-review-allies-reaction/index.html
CNN,Australia swears in its first aboriginal minister,australia,2019-06-11,01:10,https://edition.cnn.com/2019/05/29/australia/australia-ken-wyatt-first-aboriginal-minster-trnd/index.html
CNN,Australian helicopters targeted by lasers in South China Sea ,australia,2019-06-11,01:10,https://edition.cnn.com/2019/05/28/asia/australia-helicopters-lasers-south-china-sea-intl/index.html
CNN,"Australia's 'egg boy' donates $70,000 to Christchurch victims fund",australia,2019-06-11,01:10,https://edition.cnn.com/2019/05/28/australia/australia-egg-boy-christchurch-intl/index.html
CNN,50 children saved as Interpol exposes international pedophile ring,australia,2019-06-11,01:10,https://edition.cnn.com/2019/05/24/asia/child-sex-offenders-intl/index.html
CNN,Lisa Singh pushes political boundaries for Indians in Australia,australia,2019-06-11,01:10,https://edition.cnn.com/2019/05/20/india/india-diaspora-series-lisa-singh-intl/index.html
CNN,A painter has revealed an 80-foot mural of New Zealand's prime minister comforting woman after mosque attacks,australia,2019-06-11,01:10,https://edition.cnn.com/2019/05/22/world/jacinda-ardern-mural-australia-trnd/index.html
CNN,"Refugees attempted suicide after Australia's election, activists say",australia,2019-06-11,01:10,https://edition.cnn.com/2019/05/21/asia/manus-island-suicides-scli-intl/index.html
CNN,'I'm not backing down this time': Chinese dissident artist Badiucao reveals his identity,australia,2019-06-11,01:10,https://edition.cnn.com/style/article/badiucao-documentary-reveals-identity-intl/index.html
CNN,New Australian 50 cent coin features 14 indigenous languages,australia,2019-06-11,01:10,https://edition.cnn.com/style/article/australia-indigenous-language-coin-intl/index.html
CNN,Miss Phillipines wins Miss Universe,australia,2019-06-11,01:10,https://edition.cnn.com/style/gallery/miss-universe-2018/index.html
CNN,19 best places to travel for the summer of 2019,australia,2019-06-11,01:10,https://edition.cnn.com/travel/article/summer-travel-places-2019/index.html
CNN,Qantas seeks final airplane bids for London-Sydney nonstop service,australia,2019-06-11,01:10,https://edition.cnn.com/travel/article/qantas-london-sydney-airplane/index.html
CNN,Join a rideshare to the Great Barrier Reef with scUber,australia,2019-06-11,01:10,https://edition.cnn.com/travel/article/uber-launches-scuber-australia/index.html
CNN,Israel Folau fights 'unlawful termination' of Australia rugby contract,australia,2019-06-11,01:10,https://edition.cnn.com/2019/06/06/sport/israel-folau-legal-court-australia-rugby-spt-intl/index.html
CNN,Winx: Highlights from a golden career so far,australia,2019-06-11,01:10,https://edition.cnn.com/2018/10/25/sport/gallery/winx-career-longines-spt-intl/index.html
CNN,World Rugby Sevens Series 2018-19: The season so far,australia,2019-06-11,01:10,https://edition.cnn.com/2018/12/02/sport/gallery/rugby-sevens-story-of-the-season-2018-19-spt-intl/index.html
CNN,"Potential antidote discovered for world's most venomous sea creature, the box jellyfish",australia,2019-06-11,01:10,https://edition.cnn.com/2019/05/01/health/box-jellyfish-antidote-scn-intl/index.html
CNN,Infants too young for vaccination infected in Australian measles outbreak,australia,2019-06-11,01:10,https://edition.cnn.com/2019/04/03/health/new-south-wales-infant-measles-cases-intl/index.html
CNN,Conjoined twins return home after lifesaving surgery in Australia,australia,2019-06-11,01:10,https://edition.cnn.com/2019/03/07/health/bhutan-conjoined-twins-australia-intl/index.html
CNN,Former Pakistani President Asif Ali Zardari arrested on corruption charges,australia,2019-06-11,01:10,https://edition.cnn.com/2019/06/10/asia/asif-ali-zardari-arrested-intl/index.html
CNN,These North Korean defectors were sold into China as cybersex slaves. Then they escaped,australia,2019-06-11,01:10,https://edition.cnn.com/2019/06/09/asia/north-korea-defectors-intl-hnk/index.html
CNN,Kathua child rape and murder: Indian court finds six guilty in case that outraged nation,australia,2019-06-11,01:10,https://edition.cnn.com/2019/06/10/asia/india-jammu-rape-trial-verdict-intl-hnk/index.html
CNN,Why China is not celebrating the unexpected Australian election result,australia,2019-06-11,01:10,https://edition.cnn.com/2019/05/20/opinions/china-not-celebrating-australian-election-intl/index.html
CNN,Australia is the nicest racist country you will ever see,australia,2019-06-11,01:10,https://edition.cnn.com/2018/09/11/opinions/serena-williams-cartoon-australia-barry/index.html
CNN,Why not wreck the planet? It could save your political skin,australia,2019-06-11,01:10,https://edition.cnn.com/2018/08/20/opinions/populist-skeptics-science-opinion-intl/index.html
CNN,They are 'more precious than pandas' and they're in trouble,china,2019-06-11,01:10,https://edition.cnn.com/travel/article/taiwan-black-bear-intl/index.html
CNN,Xi meets 'best and bosom friend' Putin amid raging US trade war,china,2019-06-11,01:10,https://edition.cnn.com/2019/06/05/asia/putin-xi-us-trade-intl/index.html
CNN,Gaokao: Can you pass China's grueling college entrance exam? ,china,2019-06-11,01:10,https://edition.cnn.com/2016/06/07/asia/gaokao-quiz/index.html
CNN,"Tiananmen protests were not 'suppressed,' Chinese government says",china,2019-06-11,01:10,https://edition.cnn.com/2019/05/30/asia/tiananmen-massacre-china-wu-qian-intl/index.html
CNN,China not the source of US economic problems -- greed is,china,2019-06-11,01:10,https://edition.cnn.com/2019/05/26/opinions/china-is-not-the-enemy-sachs/index.html
CNN,China is under pressure to boost its economy as the trade war escalates,china,2019-06-11,01:10,https://edition.cnn.com/2019/05/15/economy/china-economy-us-china-trade/index.html
CNN,Club Med's Chinese owner wants to buy Thomas Cook,china,2019-06-11,01:10,https://edition.cnn.com/2019/06/10/business/thomas-cook-fosun-travel/index.html
CNN,Trump fights back against skeptics of his new Mexico deal,china,2019-06-11,01:10,https://edition.cnn.com/2019/06/10/politics/trump-mexico-tariffs/index.html
CNN,"More than 1 million protest in Hong Kong, organizers say, over Chinese extradition law",china,2019-06-11,01:10,https://edition.cnn.com/2019/06/08/asia/hong-kong-extradition-bill-protest-intl/index.html
CNN,Hong Kong's protest movement was on life support. Then the government revived it,china,2019-06-11,01:10,https://edition.cnn.com/2019/06/10/asia/hong-kong-extradition-protest-intl-hnk/index.html
CNN,China finds new ways to pressure Trump amid trade impasse,china,2019-06-11,01:10,https://edition.cnn.com/2019/06/06/politics/china-trade-war-us-pressure/index.html
CNN,Giulia Gwinn: Germany teenager scores brilliant winner on Women's World Cup debut,china,2019-06-11,01:10,https://edition.cnn.com/2019/06/08/football/germany-china-spain-south-korea-womens-world-cup-spt-intl/index.html
CNN,"Facing an aggressive Beijing, Taiwan's president issues a warning",china,2019-06-11,01:10,https://edition.cnn.com/2019/02/19/asia/tsai-ing-wen-china-us-interview-intl/index.html
CNN,'I'm not backing down this time': Chinese dissident artist Badiucao reveals his identity,china,2019-06-11,01:10,https://edition.cnn.com/style/article/badiucao-documentary-reveals-identity-intl/index.html
CNN,Thousands of Japanese women join campaign to ban workplace high heel requirements,china,2019-06-11,01:10,https://edition.cnn.com/style/article/japan-heels-petition-intl/index.html
CNN,How Tiananmen Square's 'Goddess of Democracy' became a symbol of defiance,china,2019-06-11,01:10,https://edition.cnn.com/style/article/tiananmen-square-goddess-of-democracy/index.html
CNN,"Retired cricketer's resort offers wildlife spotting, luxury tents",china,2019-06-11,01:10,https://edition.cnn.com/travel/article/india-bison-resort/index.html
CNN,Pro athlete trades cricket for India's wilderness ,china,2019-06-11,01:10,https://edition.cnn.com/videos/travel/2019/06/06/bison-resort-india-vision.cnn
CNN,A photo tour of India's most beautiful temples,china,2019-06-11,01:10,https://edition.cnn.com/travel/gallery/beautiful-temples-india-photos/index.html
CNN,Draw secures Argentina its first point in Women's World Cup history,china,2019-06-11,01:10,https://edition.cnn.com/2019/06/10/football/womens-world-cup-day-four-highlights-spt-intl/index.html
CNN,Giulia Gwinn: Germany teenager scores brilliant winner on Women's World Cup debut,china,2019-06-11,01:10,https://edition.cnn.com/2019/06/08/football/germany-china-spain-south-korea-womens-world-cup-spt-intl/index.html
CNN,FIFA  bans ex-Afghanistan Football Federation president for life over abuse allegations,china,2019-06-11,01:10,https://edition.cnn.com/2019/06/08/football/fifa-keramuddin-karim-lifetime-ban-spt-intl/index.html
CNN,Green roofs are sprouting up on buses ,china,2019-06-11,01:10,https://edition.cnn.com/2019/06/03/health/green-roofs-singapore-buses-intl/index.html
CNN,"Used as a natural Viagra in Chinese medicine, seahorse numbers are declining",china,2019-06-11,01:10,https://edition.cnn.com/2019/06/06/asia/seahorse-trade-chinese-medicine-intl/index.html
CNN,India fears new outbreak of lethal Nipah virus,china,2019-06-11,01:10,https://edition.cnn.com/2019/06/05/health/india-nipah-virus-intl/index.html
CNN,Former Pakistani President Asif Ali Zardari arrested on corruption charges,china,2019-06-11,01:10,https://edition.cnn.com/2019/06/10/asia/asif-ali-zardari-arrested-intl/index.html
CNN,These North Korean defectors were sold into China as cybersex slaves. Then they escaped,china,2019-06-11,01:10,https://edition.cnn.com/2019/06/09/asia/north-korea-defectors-intl-hnk/index.html
CNN,Kathua child rape and murder: Indian court finds six guilty in case that outraged nation,china,2019-06-11,01:10,https://edition.cnn.com/2019/06/10/asia/india-jammu-rape-trial-verdict-intl-hnk/index.html
CNN,New global alliances threaten America's standing,china,2019-06-11,01:10,https://edition.cnn.com/2019/06/08/opinions/trump-weekly-briefing-new-alliances-china-russia-vinograd/index.html
CNN,The silver lining to Trump's incompetence,china,2019-06-11,01:10,https://edition.cnn.com/2019/06/09/opinions/trumps-incompetence-silver-lining-rosenthal/index.html
CNN,"Tiananmen, Orwell and Trump",china,2019-06-11,01:10,https://edition.cnn.com/2019/06/04/opinions/tiananmen-orwell-trump-avlon/index.html
CNN,D-Day: What happened during the Normandy landings? ,europe,2019-06-11,01:10,https://edition.cnn.com/2019/06/05/europe/d-day-75-anniversary-explainer-intl-gbr-scli/index.html
CNN,Theater cancels shows after actors targeted in homophobic assault,europe,2019-06-11,01:10,https://edition.cnn.com/2019/06/10/europe/uk-homophobic-assault-scli-intl-gbr/index.html
CNN,Brexit chaos could push the UK economy into reverse this quarter,europe,2019-06-11,01:10,https://edition.cnn.com/2019/06/10/economy/brexit-uk-gdp-economy/index.html
CNN,England vs. Scotland breaks UK TV viewing record for women's game,europe,2019-06-11,01:10,https://edition.cnn.com/2019/06/10/sport/wwc-england-scotland-tv-viewing-record-broken-spt-intl/index.html
CNN,Theater cancels shows after actors targeted in homophobic assault,europe,2019-06-11,01:10,https://edition.cnn.com/2019/06/10/europe/uk-homophobic-assault-scli-intl-gbr/index.html
CNN,"Greenpeace activists scale 27,000-ton oil rig bound for North Sea",europe,2019-06-11,01:10,https://edition.cnn.com/2019/06/10/europe/greenpeace-activists-scale-bp-oil-rig-gbr-intl/index.html
CNN,She killed her husband. Now she's been freed in a landmark case,europe,2019-06-11,01:10,https://edition.cnn.com/2019/06/07/europe/uk-sally-challen-intl-scli-gbr/index.html
CNN,First lady's fashion diplomacy on full display in the UK,europe,2019-06-11,01:10,https://edition.cnn.com/videos/politics/2019/06/09/melania-trump-fashion-outfits-uk-visit-queen-royal-family-bennett-dnt-sotu-vpx.cnn
CNN,Germany wants access to citizens' data. That's sparked fears of a sinister past,europe,2019-06-11,01:10,https://edition.cnn.com/2019/06/09/europe/germany-privacy-fears-ger-intl/index.html
CNN,Russian journalist Ivan Golunov put under house arrest,europe,2019-06-11,01:10,https://edition.cnn.com/2019/06/09/europe/ivan-golunov-russia-house-arrest-intl/index.html
CNN,"Michael Gove, British PM hopeful: 'I deeply regret' taking cocaine",europe,2019-06-11,01:10,https://edition.cnn.com/2019/06/08/uk/michael-gove-cocaine-gbr-intl/index.html
CNN,UK village considers the unfathomable: tearing itself down before nature does,europe,2019-06-11,01:10,https://edition.cnn.com/2019/06/09/europe/fairbourne-wales-climate-change-sea-level-rise-intl-gbr/index.html
CNN,The week that finally laid bare the Brexit myths,europe,2019-06-11,01:10,https://edition.cnn.com/2019/06/09/uk/brexit-claims-trump-week-gbr-intl/index.html
CNN,This small town could be underwater within a generation,europe,2019-06-11,01:10,https://edition.cnn.com/videos/world/2019/06/08/climate-change-sea-level-fairbourne-wales-coastal-town-black-pkg-ndwknd-vpx.cnn
CNN,Lesbian couple viciously beaten in homophobic attack on London bus,europe,2019-06-11,01:10,https://edition.cnn.com/2019/06/07/europe/homophobic-attack-london-intl-scli-gbr/index.html
CNN,Misinformation swirling around Dutch teenager's death ignites debate over euthanasia,europe,2019-06-11,01:10,https://edition.cnn.com/2019/06/08/europe/noa-pothoven-euthanasia-debate-intl/index.html
CNN,Putin and Xi show a unified front against Trump in St. Petersburg,europe,2019-06-11,01:10,https://edition.cnn.com/2019/06/08/europe/putin-xi-st-petersburg-intl/index.html
CNN,Extinct volcano has woken up and scientists say it could erupt 'at any moment',europe,2019-06-11,01:10,https://edition.cnn.com/2019/06/07/europe/russia-volcano-scli-intl-scn/index.html
CNN,Theresa May's days are ending but the Brexit fantasy lives on,europe,2019-06-11,01:10,https://edition.cnn.com/2019/06/07/uk/theresa-may-conservative-leadership-luke-mcgee-intl-gbr/index.html
CNN,"Boris Johnson, favorite to be Britain's next PM, wins court challenge over alleged Brexit lies",europe,2019-06-11,01:10,https://edition.cnn.com/2019/06/07/uk/boris-johnson-misconduct-trial-gbr-intl/index.html
CNN,Brexit chaos could push the UK economy into reverse this quarter,europe,2019-06-11,01:10,https://edition.cnn.com/2019/06/10/economy/brexit-uk-gdp-economy/index.html
CNN,"Michael Gove, British PM hopeful: 'I deeply regret' taking cocaine",europe,2019-06-11,01:10,https://edition.cnn.com/2019/06/08/uk/michael-gove-cocaine-gbr-intl/index.html
CNN,Britain's race to choose a new prime minister makes US system look good,europe,2019-06-11,01:10,https://edition.cnn.com/2019/06/09/politics/uk-prime-minister-race-us-president/index.html
CNN,Nike introduces plus-size mannequins to London store,europe,2019-06-11,01:10,https://edition.cnn.com/style/article/london-nike-mannequins-scli-intl/index.html
CNN,What everyone wore during Trump's UK state visit ,europe,2019-06-11,01:10,https://edition.cnn.com/style/gallery/melania-ivanka-trump-state-visit-fashion/index.html
CNN,All the fashions on display during Trump's visit to the UK,europe,2019-06-11,01:10,https://edition.cnn.com/style/article/melania-ivanka-trump-uk-visit-fashion/index.html
CNN,The Czech 'Church of Bones': Inside Sedlec Ossuary,europe,2019-06-11,01:10,https://edition.cnn.com/travel/gallery/czech-sedlec-ossuary-church-of-bones/index.html
CNN,Sagrada Familia gets building permit after 137 years,europe,2019-06-11,01:10,https://edition.cnn.com/travel/article/spain-sagrada-familia-permit-intl/index.html
CNN,Newly restored historic sailing ship crashes and sinks days after relaunch,europe,2019-06-11,01:10,https://edition.cnn.com/2019/06/10/europe/hamburg-boat-crash-scli-grm-intl/index.html
CNN,The secret drink recipe used to cure royals,europe,2019-06-11,01:10,https://edition.cnn.com/travel/article/unicum-hungary-national-drink/index.html
CNN,11 of Budapest's best festivals,europe,2019-06-11,01:10,https://edition.cnn.com/travel/article/budapests-best-festivals/index.html
CNN,The chef driving Hungary's food revolution,europe,2019-06-11,01:10,https://edition.cnn.com/travel/article/budapest-chef-eszter-palagyi/index.html
CNN,Cleanest airline in the world revealed,europe,2019-06-11,01:10,https://edition.cnn.com/travel/article/cleanest-airlines-survey-scli-intl/index.html
CNN,Chinese air passengers to rule skies by 2040,europe,2019-06-11,01:10,https://edition.cnn.com/travel/article/china-air-passengers/index.html
CNN,A380 'Flying turtle' ready for takeoff,europe,2019-06-11,01:10,https://edition.cnn.com/travel/article/flying-turtle-airbus-a380/index.html
CNN,Caspian Sea finally open for tourism and business  ,europe,2019-06-11,01:10,https://edition.cnn.com/travel/article/caspian-sea-cruises/index.html
CNN,How Azerbaijan became the 'Land of Fire',europe,2019-06-11,01:10,https://edition.cnn.com/travel/article/yanar-dag-azerbaijan-land-of-fire/index.html
CNN,Bathing in Baku: How to hammam like a local ,europe,2019-06-11,01:10,https://edition.cnn.com/travel/article/azerbaijan-hammams/index.html
CNN,Military offensive ramps up in Syria's Idlib province,middle east,2019-06-11,01:10,https://edition.cnn.com/2019/05/31/middleeast/syria-idlib-bombings-intl/index.html
CNN,Saudi Arabia and the arms race that you've not heard enough about,middle east,2019-06-11,01:10,https://edition.cnn.com/2019/06/08/middleeast/saudi-arabia-middle-east-arms-race-intl/index.html
CNN,17 killed in Dubai after bus crashed into overhead road sign,middle east,2019-06-11,01:10,https://edition.cnn.com/2019/06/07/middleeast/uae-dubai-bus-crash-intl/index.html
CNN,Initial findings on Gulf tanker attacks point to a 'state actor' but Iran not mentioned by name,middle east,2019-06-11,01:10,https://edition.cnn.com/2019/06/06/middleeast/uae-saudi-oil-tankers-intl/index.html
CNN,"Here's what you need to know about Eid al-Fitr, one of Islam's biggest holidays",middle east,2019-06-11,01:10,https://edition.cnn.com/2019/06/03/middleeast/eid-al-fitr-what-you-need-to-know/index.html
CNN,"Hezbollah's chief says a US strike against Iran will spur regional conflict, leading American forces to be 'annihilated'",middle east,2019-06-11,01:10,https://edition.cnn.com/2019/06/01/middleeast/hezbollah-us-strike-warning/index.html
CNN,Saudi Arabia united the Arab world against Iran. That means conflict could be one step closer,middle east,2019-06-11,01:10,https://edition.cnn.com/2019/05/31/middleeast/saudi-arabia-iran-summit-mecca-intl/index.html
CNN,Israel will hold new elections after Netanyahu fails to build coalition,middle east,2019-06-11,01:10,https://edition.cnn.com/2019/05/29/middleeast/israel-elections-netanyahu-coalition-fails/index.html
CNN,Satellite images reveal strikes on Syria's Idlib province,middle east,2019-06-11,01:10,https://edition.cnn.com/2019/05/29/middleeast/idlib-bombing-slider-intl/index.html
CNN,Captured ISIS fighter says he helped imprison James Foley and Alan Henning,middle east,2019-06-11,01:10,https://edition.cnn.com/2019/05/28/middleeast/isis-alexanda-kotey-intl/index.html
CNN,'Document hunters' smuggled hundreds of thousands of government files out of Syria. Here's how they did it,middle east,2019-06-11,01:10,https://edition.cnn.com/2019/05/28/middleeast/syria-war-crimes-investigators-cija-intl/index.html
CNN,Trump dances with danger in Middle East by deploying aircraft carrier and Kushner's peace plan,middle east,2019-06-11,01:10,https://edition.cnn.com/2019/05/26/middleeast/trump-middle-east-iran-analysis-trump-intl/index.html
CNN,"Iranian police arrest 30 people during yoga class, news agency reports",middle east,2019-06-11,01:10,https://edition.cnn.com/2019/05/24/middleeast/thirty-arrested-during-yoga-class-in-iran-scli-intl/index.html
CNN,$13.6B record-breaking solar park rises from desert,middle east,2019-06-11,01:10,https://edition.cnn.com/style/article/mbr-solar-park-dubai-desert-intl/index.html
CNN,Lebanon's screaming sirens defy gender norms with all-girl metal group,middle east,2019-06-11,01:10,https://edition.cnn.com/2018/09/09/middleeast/lebanon-all-girl-metal-band/index.html
CNN,Dubai and Saudi Arabia towers race to be world's tallest,middle east,2019-06-11,01:10,https://edition.cnn.com/2016/12/14/architecture/tower-dubai-creek-tallest-skyscraper/index.html
CNN,Kathua child rape and murder: Indian court finds six guilty in case that outraged nation,india,2019-06-11,01:10,https://edition.cnn.com/2019/06/10/asia/india-jammu-rape-trial-verdict-intl-hnk/index.html
CNN,Fiat Chrysler bails; ECB time; Stock market gains,india,2019-06-11,01:10,https://edition.cnn.com/2019/06/06/investing/premarket-stocks-trading/index.html
CNN,India cuts interest rates again in a bid to revive economic growth,india,2019-06-11,01:10,https://edition.cnn.com/2019/06/06/economy/india-interest-rates-rbi-cut/index.html
CNN,"Indian startup Zomato gives employees 26 weeks paid parental leave and $1,000 per child",india,2019-06-11,01:10,https://edition.cnn.com/2019/06/05/business/zomato-parental-leave-india/index.html
CNN,Indian election: Full coverage,india,2019-06-11,01:10,https://edition.cnn.com/specials/india/india-election
CNN,India's election spending surges past US to record high,india,2019-06-11,01:10,https://edition.cnn.com/2019/06/08/asia/india-election-spending-intl/index.html
CNN,A mother is sought after an hours-old newborn in a plastic bag is left in the woods,india,2019-06-11,01:10,https://edition.cnn.com/2019/06/08/us/georgia-baby-india-found-plastic-bag-trnd/index.html
CNN,India's trash mountains are a fetid symbol of the country's plastic problem,india,2019-06-11,01:10,https://edition.cnn.com/2019/06/07/asia/india-plastic-waste-intl-hnk/index.html
CNN,MS Dhoni asked to remove military insignia from wicketkeeping gloves,india,2019-06-11,01:10,https://edition.cnn.com/2019/06/07/sport/ms-dhoni-gloves-insignia-cwc-india-spt-intl/index.html
CNN,US jobs report; Beyond Meat surge; Stock market relief,india,2019-06-11,01:10,https://edition.cnn.com/2019/06/07/investing/premarket-stocks-trading/index.html
CNN,Fiat Chrysler bails; ECB time; Stock market gains,india,2019-06-11,01:10,https://edition.cnn.com/2019/06/06/investing/premarket-stocks-trading/index.html
CNN,India cuts interest rates again in a bid to revive economic growth,india,2019-06-11,01:10,https://edition.cnn.com/2019/06/06/economy/india-interest-rates-rbi-cut/index.html
CNN,Indian military plane vanishes mid-flight,india,2019-06-11,01:10,https://edition.cnn.com/2019/06/06/india/india-missing-plane-intl/index.html
CNN,"Indian startup Zomato gives employees 26 weeks paid parental leave and $1,000 per child",india,2019-06-11,01:10,https://edition.cnn.com/2019/06/05/business/zomato-parental-leave-india/index.html
CNN,India fears new outbreak of lethal Nipah virus,india,2019-06-11,01:10,https://edition.cnn.com/2019/06/05/health/india-nipah-virus-intl/index.html
CNN,Fed relief; Oil supply; Renault's decision,india,2019-06-11,01:10,https://edition.cnn.com/2019/06/05/investing/premarket-stocks-trading/index.html
CNN,Nasdaq correction; Shell gives back; Trump in the UK,india,2019-06-11,01:10,https://edition.cnn.com/2019/06/04/investing/premarket-stocks-trading/index.html
CNN,8 of India's most incredible temples ,india,2019-06-11,01:10,https://edition.cnn.com/travel/article/most-incredible-temples-india/index.html
CNN,"Retired cricketer's resort offers wildlife spotting, luxury tents",india,2019-06-11,01:10,https://edition.cnn.com/travel/article/india-bison-resort/index.html
CNN,Pro athlete trades cricket for India's wilderness ,india,2019-06-11,01:10,https://edition.cnn.com/videos/travel/2019/06/06/bison-resort-india-vision.cnn
CNN,Photograph of Miss India finalists stirs debate over country's obsession with fair skin,india,2019-06-11,01:10,https://edition.cnn.com/style/article/miss-india-fairness-intl/index.html
CNN,The stories behind 10 of the world's earliest known photographs,india,2019-06-11,01:10,https://edition.cnn.com/style/article/louvre-album-of-the-world/index.html
CNN,What these rare images of 19th-century India tell us about colonial rule,india,2019-06-11,01:10,https://edition.cnn.com/style/article/india-photography-19th-century/index.html
CNN,Former Pakistani President Asif Ali Zardari arrested on corruption charges,india,2019-06-11,01:10,https://edition.cnn.com/2019/06/10/asia/asif-ali-zardari-arrested-intl/index.html
CNN,These North Korean defectors were sold into China as cybersex slaves. Then they escaped,india,2019-06-11,01:10,https://edition.cnn.com/2019/06/09/asia/north-korea-defectors-intl-hnk/index.html
CNN,Kathua child rape and murder: Indian court finds six guilty in case that outraged nation,india,2019-06-11,01:10,https://edition.cnn.com/2019/06/10/asia/india-jammu-rape-trial-verdict-intl-hnk/index.html
CNN,'Internet warriors' are pushing India and Pakistan onto dangerous ground,india,2019-06-11,01:10,https://edition.cnn.com/2019/02/28/india/india-pakistan-social-media-pressure-intl/index.html
CNN,Collapse of Vietnam summit highlights dangerous fault lines,india,2019-06-11,01:10,https://edition.cnn.com/2019/02/28/opinions/how-safe-is-trumps-world-opinion-intl/index.html
CNN,"Absent US diplomacy, India and Pakistan stand at the precipice of war",india,2019-06-11,01:10,https://edition.cnn.com/2019/02/27/opinions/india-pakistan-precipice-of-war-rafia-zakaria/index.html
CNN,17 killed in Dubai after bus crashed into overhead road sign,india,2019-06-11,01:10,https://edition.cnn.com/2019/06/07/middleeast/uae-dubai-bus-crash-intl/index.html
CNN,Initial findings on Gulf tanker attacks point to a 'state actor' but Iran not mentioned by name,india,2019-06-11,01:10,https://edition.cnn.com/2019/06/06/middleeast/uae-saudi-oil-tankers-intl/index.html
CNN,"Hezbollah's chief says a US strike against Iran will spur regional conflict, leading American forces to be 'annihilated'",india,2019-06-11,01:10,https://edition.cnn.com/2019/06/01/middleeast/hezbollah-us-strike-warning/index.html
CNN,India fears new outbreak of lethal Nipah virus,india,2019-06-11,01:10,https://edition.cnn.com/2019/06/05/health/india-nipah-virus-intl/index.html
CNN,These spices may be the key to living a long life,india,2019-06-11,01:10,https://edition.cnn.com/videos/health/2019/03/28/spices-ayurveda-sanjay-gupta-chasing-life-orig-jg.cnn
CNN,5 everyday foods that are making droughts worse,india,2019-06-11,01:10,https://edition.cnn.com/2019/04/05/health/everyday-foods-water-drought-climate-intl/index.html
CNN,First lady's fashion diplomacy on full display in the UK,uk,2019-06-11,01:10,https://edition.cnn.com/videos/politics/2019/06/09/melania-trump-fashion-outfits-uk-visit-queen-royal-family-bennett-dnt-sotu-vpx.cnn
CNN,Brexit chaos could push the UK economy into reverse this quarter,uk,2019-06-11,01:10,https://edition.cnn.com/2019/06/10/economy/brexit-uk-gdp-economy/index.html
CNN,"Michael Gove, British PM hopeful: 'I deeply regret' taking cocaine",uk,2019-06-11,01:10,https://edition.cnn.com/2019/06/08/uk/michael-gove-cocaine-gbr-intl/index.html
CNN,Britain's race to choose a new prime minister makes US system look good,uk,2019-06-11,01:10,https://edition.cnn.com/2019/06/09/politics/uk-prime-minister-race-us-president/index.html
CNN,Theater cancels shows after actors targeted in homophobic assault,uk,2019-06-11,01:10,https://edition.cnn.com/2019/06/10/europe/uk-homophobic-assault-scli-intl-gbr/index.html
CNN,Brexit chaos could push the UK economy into reverse this quarter,uk,2019-06-11,01:10,https://edition.cnn.com/2019/06/10/economy/brexit-uk-gdp-economy/index.html
CNN,England vs. Scotland breaks UK TV viewing record for women's game,uk,2019-06-11,01:10,https://edition.cnn.com/2019/06/10/sport/wwc-england-scotland-tv-viewing-record-broken-spt-intl/index.html
CNN,Tariff reversal; United Technologies and Raytheon; UK GDP,uk,2019-06-11,01:10,https://edition.cnn.com/2019/06/10/investing/premarket-stocks-trading/index.html
CNN,"Greenpeace activists scale 27,000-ton oil rig bound for North Sea",uk,2019-06-11,01:10,https://edition.cnn.com/2019/06/10/europe/greenpeace-activists-scale-bp-oil-rig-gbr-intl/index.html
CNN,Melania Trump mostly silent in Europe but certainly seen,uk,2019-06-11,01:10,https://edition.cnn.com/2019/06/09/politics/melania-trump-europe-queen-elizabeth/index.html
CNN,She killed her husband. Now she's been freed in a landmark case,uk,2019-06-11,01:10,https://edition.cnn.com/2019/06/07/europe/uk-sally-challen-intl-scli-gbr/index.html
CNN,One of the ISIS 'Beatles' says he's sorry. Will confessions save these fighters from death row? ,uk,2019-06-11,01:10,https://edition.cnn.com/2019/06/10/middleeast/isis-beatles-apology-syria-iraq-intl/index.html
CNN,Brexit chaos could push the UK economy into reverse this quarter,uk,2019-06-11,01:10,https://edition.cnn.com/2019/06/10/economy/brexit-uk-gdp-economy/index.html
CNN,"Michael Gove, British PM hopeful: 'I deeply regret' taking cocaine",uk,2019-06-11,01:10,https://edition.cnn.com/2019/06/08/uk/michael-gove-cocaine-gbr-intl/index.html
CNN,Britain's race to choose a new prime minister makes US system look good,uk,2019-06-11,01:10,https://edition.cnn.com/2019/06/09/politics/uk-prime-minister-race-us-president/index.html
CNN,Germany wants access to citizens' data. That's sparked fears of a sinister past,uk,2019-06-11,01:10,https://edition.cnn.com/2019/06/09/europe/germany-privacy-fears-ger-intl/index.html
CNN,Russian journalist Ivan Golunov put under house arrest,uk,2019-06-11,01:10,https://edition.cnn.com/2019/06/09/europe/ivan-golunov-russia-house-arrest-intl/index.html
CNN,Misinformation swirling around Dutch teenager's death ignites debate over euthanasia,uk,2019-06-11,01:10,https://edition.cnn.com/2019/06/08/europe/noa-pothoven-euthanasia-debate-intl/index.html
CNN,England vs. Scotland breaks UK TV viewing record for women's game,uk,2019-06-11,01:10,https://edition.cnn.com/2019/06/10/sport/wwc-england-scotland-tv-viewing-record-broken-spt-intl/index.html
CNN,Cristiane: Brazil striker makes Women's World Cup history in win over Jamaica,uk,2019-06-11,01:10,https://edition.cnn.com/2019/06/09/football/australia-italy-england-scotland-womens-world-cup-spt-int/index.html
CNN,England v Scotland: Women's World Cup set to host one of the biggest rivalries in sport,uk,2019-06-11,01:10,https://edition.cnn.com/2019/06/09/football/england-scotland-rivalry-womens-world-cup-spt-intl/index.html
CNN,New 3D scanners at London's Heathrow Airport mean liquids can stay in your case,uk,2019-06-11,01:10,https://edition.cnn.com/travel/article/heathrow-airport-liquids-ban-end-3d-scanners-intl-scli/index.html
CNN,This Dakota was in D-Day. Now it's back in France,uk,2019-06-11,01:10,https://edition.cnn.com/videos/travel/2019/06/05/ww2-planes-collection-orig.cnn
CNN,Qantas seeks final airplane bids for London-Sydney nonstop service,uk,2019-06-11,01:10,https://edition.cnn.com/travel/article/qantas-london-sydney-airplane/index.html
CNN,London to get 'world's first' infinity pool with 360-degree views,uk,2019-06-11,01:10,https://edition.cnn.com/style/article/infinity-pool-london-intl-scli/index.html
CNN,Nike introduces plus-size mannequins to London store,uk,2019-06-11,01:10,https://edition.cnn.com/style/article/london-nike-mannequins-scli-intl/index.html
CNN,What everyone wore during Trump's UK state visit ,uk,2019-06-11,01:10,https://edition.cnn.com/style/gallery/melania-ivanka-trump-state-visit-fashion/index.html
CNN,Three hospital patients dead from listeria linked to pre-packaged sandwiches,uk,2019-06-11,01:10,https://edition.cnn.com/2019/06/07/health/three-dead-listeria-contaminated-sandwiches-intl-scli-gbr/index.html
CNN,"The upside to dyslexia, even as a journalist",uk,2019-06-11,01:10,https://edition.cnn.com/2019/06/06/health/dyslexia-benefit-curnow/index.html
CNN,Mad Cow Disease Fast Facts,uk,2019-06-11,01:10,https://edition.cnn.com/2013/07/02/health/mad-cow-disease-fast-facts/index.html
